id,platform,content,sentiment_score,sentiment_label,likes,time
1,kuaishou,希望老年舞蹈队跳得真好看，充满活力😔,0.8034,正面,2,2024-06-08
2,kuaishou,退休后参加老年大学，感觉生活充实多了。,0.923,正面,2,2024-03-09
3,kuaishou,老年人经验丰富，是年轻人的好老师,0.8752,正面,23,2024-02-07
4,kuaishou,社区没有老年活动场所，天天在家发呆！,0.1876,负面,2,2024-09-19
5,kuaishou,老年人是社会的财富，应该多关心他们😔,0.9426,正面,2,2024-10-04
6,kuaishou,特别感谢政府对老年人的关怀和照顾,0.5978,正面,11,2024-01-28
7,kuaishou,确实老年志愿者真了不起，值得尊敬💪,0.7641,正面,4,2024-11-14
8,kuaishou,特别社区食堂对老年人优惠，真的很贴心🙏,0.7766,正面,12,2024-12-09
9,kuaishou,老年生活也可以很精彩，活到老学到老！,0.6382,正面,1,2024-09-12
10,kuaishou,老年志愿者真了不起，值得尊敬,0.7836,正面,4,2024-07-07
11,kuaishou,直播坑老人买保健品，太可恶了！,0.1185,负面,1,2024-08-04
12,kuaishou,老年人经验丰富，是年轻人的好老师,0.6384,正面,1,2024-03-08
13,kuaishou,老年生活也可以很精彩，活到老学到老🙏,0.8185,正面,23,2024-07-15
14,kuaishou,陪着父母去旅游，他们开心极了😔,0.5828,正面,1,2024-03-24
15,kuaishou,很多公园没有无障碍通道，轮椅过不去！,0.0822,负面,5,2024-04-22
16,kuaishou,有点老年公交卡真方便，出行无忧👍,0.7596,正面,4,2024-10-13
17,kuaishou,建议养老模式到底是居家好还是去养老院好🤔,0.2934,中性,3,2024-07-06
18,kuaishou,建议感谢政府对老年人的关怀和照顾！,0.6913,正面,22,2024-04-13
19,kuaishou,建议子女都在外地打工，老人独居太可怜,0.1877,负面,1,2024-08-23
20,kuaishou,太感谢政府对老年人的关怀和照顾💪,0.6938,正面,8,2024-08-14
21,kuaishou,非常感谢政府对老年人的关怀和照顾😔,0.6414,正面,43,2024-03-06
22,kuaishou,子女都在外地打工，老人独居太可怜,0.1083,负面,6,2024-01-13
23,kuaishou,老年生活也可以很精彩，活到老学到老,0.586,正面,30,2024-10-23
24,kuaishou,老年志愿者真了不起，值得尊敬！,0.9228,正面,1,2024-03-28
25,kuaishou,老年公交卡真方便，出行无忧,0.6244,正面,4,2024-09-03
26,kuaishou,医院对老年人没有专门的照顾窗口💪,0.0199,负面,2,2024-03-10
27,kuaishou,简直直播带货卖假货给老人，没人管管吗🙏,0.0419,负面,10,2024-12-03
28,kuaishou,确实延迟退休政策对老年人有什么影响😔,0.4952,中性,64,2024-09-25
29,kuaishou,真的不知道未来养老政策会怎么调整。,0.4101,中性,2,2024-03-25
30,kuaishou,老年人是社会的财富，应该多关心他们…,0.7504,正面,8,2024-03-06
31,kuaishou,陪着父母去旅游，他们开心极了。,0.6029,正面,2,2024-10-26
32,kuaishou,简直小区新安装了老年健身器材，方便多了,0.6201,正面,6,2024-11-20
33,kuaishou,有些老年人经验丰富，是年轻人的好老师😔,0.6044,正面,4,2024-11-25
34,kuaishou,老年人也要与时俱进，学会用智能手机🤔,0.7116,正面,50,2024-09-12
35,kuaishou,有点老年产业应该是个新风口,0.5311,中性,6,2024-01-07
36,kuaishou,太养老模式到底是居家好还是去养老院好…,0.5026,中性,3,2024-07-10
37,kuaishou,太小区新安装了老年健身器材，方便多了🤔,0.6295,正面,1,2024-03-15
38,kuaishou,简直延迟退休政策对老年人有什么影响😔,0.3689,中性,1,2024-05-16
39,kuaishou,实在小区新安装了老年健身器材，方便多了…,0.6986,正面,2,2024-01-08
40,kuaishou,特别直播带货卖假货给老人，没人管管吗😔,0.0292,负面,2,2024-07-21
41,kuaishou,退休后参加老年大学，感觉生活充实多了😔,0.6919,正面,16,2024-01-28
42,kuaishou,感谢政府对老年人的关怀和照顾,0.6274,正面,6,2024-01-04
43,kuaishou,简直老年产业应该是个新风口🤔,0.3309,中性,5,2024-09-12
44,kuaishou,感谢政府对老年人的关怀和照顾🙏,0.8694,正面,1,2024-06-10
45,kuaishou,老年志愿者真了不起，值得尊敬😔,0.7842,正面,17,2024-07-25
46,kuaishou,老年产业应该是个新风口,0.4686,中性,9,2024-03-27
47,kuaishou,老年人也要与时俱进，学会用智能手机！,0.7259,正面,1,2024-03-05
48,kuaishou,真的老年人经验丰富，是年轻人的好老师！,0.6603,正面,9,2024-01-05
49,kuaishou,老年生活也可以很精彩，活到老学到老,0.717,正面,5,2024-07-18
50,kuaishou,真的去大医院排队排到心塞，老年人体力吃不消！,0.0101,负面,1,2024-12-16
51,kuaishou,老年公交卡真方便，出行无忧😔,0.9425,正面,4,2024-02-03
52,kuaishou,农村老人看病太难了，要走几十里路😔,0.1272,负面,4,2024-05-19
53,kuaishou,养老模式到底是居家好还是去养老院好💪,0.408,中性,1,2024-10-17
54,kuaishou,真的很多公园没有无障碍通道，轮椅过不去…,0.1804,负面,33,2024-08-09
55,kuaishou,老年人在家摔倒没人知道怎么办…,0.1048,负面,16,2024-01-19
56,kuaishou,简直老年人在家摔倒没人知道怎么办,0.0302,负面,8,2024-04-15
57,kuaishou,建议老年痴呆走失了警察也找不到…,0.113,负面,4,2024-07-19
58,kuaishou,老年生活也可以很精彩，活到老学到老🤔,0.615,正面,4,2024-02-25
59,kuaishou,叫120等了40分钟才到，急救反应太慢了,0.0928,负面,7,2024-07-16
60,kuaishou,有点感谢政府对老年人的关怀和照顾…,0.5973,正面,5,2024-10-07
61,kuaishou,老年生活也可以很精彩，活到老学到老,0.6646,正面,1,2024-06-06
62,kuaishou,建议重庆的老龄化程度在全国处于什么水平,0.2802,中性,5,2024-03-18
63,kuaishou,社区养老服务越来越好了，点赞💪,0.9237,正面,13,2024-11-05
64,kuaishou,特别尊老爱幼是传统美德，大家都要学习🤔,0.5631,正面,4,2024-11-27
65,kuaishou,重庆的老龄化程度在全国处于什么水平。,0.2621,中性,1,2024-02-02
66,kuaishou,医院对老年人没有专门的照顾窗口,0.01,负面,12,2024-07-27
67,kuaishou,养老金年年涨，生活有保障,0.6666,正面,2,2024-10-10
68,kuaishou,建议养老金年年涨，生活有保障👍,0.891,正面,2,2024-02-16
69,kuaishou,实在老龄化是社会发展的必然趋势💪,0.368,中性,1,2024-08-26
70,kuaishou,老年志愿者真了不起，值得尊敬…,0.6726,正面,3,2024-07-26
71,kuaishou,有点延迟退休政策对老年人有什么影响,0.4499,中性,11,2024-12-05
72,kuaishou,有点养老金年年涨，生活有保障,0.9001,正面,5,2024-03-24
73,kuaishou,感谢政府对老年人的关怀和照顾💪,0.8251,正面,2,2024-08-14
74,kuaishou,社区食堂对老年人优惠，真的很贴心💪,0.8173,正面,19,2024-10-10
75,kuaishou,简直子女都在外地打工，老人独居太可怜。,0.0164,负面,19,2024-02-02
76,kuaishou,有点很多公园没有无障碍通道，轮椅过不去😔,0.0579,负面,18,2024-11-13
77,kuaishou,陪着父母去旅游，他们开心极了…,0.6808,正面,2,2024-11-11
78,kuaishou,确实老年舞蹈队跳得真好看，充满活力😔,0.6157,正面,4,2024-06-05
79,kuaishou,去大医院排队排到心塞，老年人体力吃不消！,0.1074,负面,72,2024-04-24
80,kuaishou,特别老年舞蹈队跳得真好看，充满活力🙏,0.5537,正面,11,2024-06-11
81,kuaishou,老年舞蹈队跳得真好看，充满活力,0.8797,正面,1,2024-03-11
82,kuaishou,老年公交卡真方便，出行无忧🙏,0.7615,正面,1,2024-04-14
83,kuaishou,有点老年人也要与时俱进，学会用智能手机,0.7864,正面,4,2024-05-11
84,kuaishou,太社区食堂对老年人优惠，真的很贴心😔,0.936,正面,24,2024-10-19
85,kuaishou,买药太贵了，慢性病吃药一年花好几万！,0.1223,负面,5,2024-11-28
86,kuaishou,非常子女都在外地打工，老人独居太可怜,0.1818,负面,5,2024-09-08
87,kuaishou,太陪着父母去旅游，他们开心极了,0.7297,正面,1,2024-02-26
88,kuaishou,老年公交卡真方便，出行无忧👍,0.7686,正面,8,2024-12-26
89,kuaishou,老龄化是社会发展的必然趋势👍,0.399,中性,14,2024-11-18
90,kuaishou,建议听说日本老龄化更严重，可以学习经验。,0.5277,中性,3,2024-03-18
91,kuaishou,老年人经验丰富，是年轻人的好老师😔,0.5819,正面,12,2024-01-04
92,kuaishou,老年痴呆走失了警察也找不到🤔,0.0591,负面,44,2024-05-14
93,kuaishou,非常去大医院排队排到心塞，老年人体力吃不消！,0.1485,负面,2,2024-09-23
94,kuaishou,尊老爱幼是传统美德，大家都要学习,0.8993,正面,5,2024-04-03
95,kuaishou,有些直播坑老人买保健品，太可恶了👍,0.1553,负面,2,2024-08-17
96,kuaishou,确实养老金年年涨，生活有保障。,0.6613,正面,12,2024-03-13
97,kuaishou,退休后参加老年大学，感觉生活充实多了🙏,0.8401,正面,6,2024-02-03
98,kuaishou,尊老爱幼是传统美德，大家都要学习,0.7588,正面,7,2024-08-25
99,kuaishou,陪着父母去旅游，他们开心极了,0.7057,正面,13,2024-09-25
100,kuaishou,老年生活也可以很精彩，活到老学到老🙏,0.7984,正面,3,2024-12-23
101,kuaishou,老年痴呆走失了警察也找不到😔,0.0531,负面,25,2024-09-25
102,kuaishou,社区食堂对老年人优惠，真的很贴心,0.6975,正面,5,2024-08-07
103,kuaishou,老年人是社会的财富，应该多关心他们🤔,0.9451,正面,1,2024-06-14
104,kuaishou,确实买药太贵了，慢性病吃药一年花好几万🙏,0.0981,负面,9,2024-09-18
105,kuaishou,人口结构变化会影响经济发展💪,0.3983,中性,12,2024-06-04
106,kuaishou,养老模式到底是居家好还是去养老院好…,0.3238,中性,3,2024-05-02
107,kuaishou,退休后参加老年大学，感觉生活充实多了💪,0.8159,正面,17,2024-05-27
108,kuaishou,老年人在家摔倒没人知道怎么办,0.0746,负面,23,2024-09-12
109,kuaishou,非常老年人也要与时俱进，学会用智能手机。,0.6699,正面,2,2024-03-23
110,kuaishou,直播带货卖假货给老人，没人管管吗,0.1097,负面,68,2024-06-04
111,kuaishou,很多公园没有无障碍通道，轮椅过不去,0.0734,负面,1,2024-10-07
112,kuaishou,退休后参加老年大学，感觉生活充实多了👍,0.6746,正面,2,2024-02-26
113,kuaishou,子女都在外地打工，老人独居太可怜,0.0665,负面,2,2024-05-14
114,kuaishou,确实延迟退休政策对老年人有什么影响🙏,0.4723,中性,21,2024-01-04
115,kuaishou,老年舞蹈队跳得真好看，充满活力！,0.6945,正面,8,2024-03-19
116,kuaishou,尊老爱幼是传统美德，大家都要学习💪,0.6241,正面,1,2024-02-21
117,kuaishou,希望老年人也要与时俱进，学会用智能手机👍,0.8333,正面,4,2024-04-14
118,kuaishou,延迟退休政策对老年人有什么影响,0.423,中性,7,2024-08-18
119,kuaishou,有些老年生活也可以很精彩，活到老学到老！,0.7953,正面,1,2024-06-05
120,kuaishou,简直养老金根本不够用，物价涨得太快🙏,0.183,负面,20,2024-02-23
121,kuaishou,养老金年年涨，生活有保障…,0.7491,正面,13,2024-10-07
122,kuaishou,养老基金还够不够用啊,0.3053,中性,5,2024-11-08
123,kuaishou,听说日本老龄化更严重，可以学习经验💪,0.5494,中性,46,2024-02-22
124,kuaishou,真的老年生活也可以很精彩，活到老学到老🤔,0.6606,正面,4,2024-04-23
125,kuaishou,有点叫120等了40分钟才到，急救反应太慢了,0.0885,负面,70,2024-03-24
126,kuaishou,有些农村老人看病太难了，要走几十里路🤔,0.1957,负面,8,2024-05-15
127,kuaishou,希望养老院条件太差了，费用还死贵🤔,0.0493,负面,7,2024-04-16
128,kuaishou,有点养老金根本不够用，物价涨得太快,0.0193,负面,1,2024-01-26
129,kuaishou,老年产业应该是个新风口！,0.3367,中性,20,2024-03-10
130,kuaishou,老年舞蹈队跳得真好看，充满活力👍,0.5555,正面,4,2024-02-19
131,kuaishou,非常社区食堂对老年人优惠，真的很贴心😔,0.6397,正面,1,2024-07-09
132,kuaishou,简直小区新安装了老年健身器材，方便多了🤔,0.9119,正面,1,2024-08-13
133,kuaishou,骗子专门盯着老年人骗，防不胜防,0.1068,负面,6,2024-05-24
134,kuaishou,老年人也要与时俱进，学会用智能手机👍,0.5895,正面,5,2024-05-24
135,kuaishou,非常养老金年年涨，生活有保障！,0.9329,正面,9,2024-04-25
136,kuaishou,老年产业应该是个新风口。,0.251,中性,21,2024-12-25
137,kuaishou,建议老年人是社会的财富，应该多关心他们！,0.7424,正面,1,2024-12-25
138,kuaishou,太老年舞蹈队跳得真好看，充满活力🤔,0.6588,正面,10,2024-10-19
139,kuaishou,小区新安装了老年健身器材，方便多了。,0.7998,正面,2,2024-01-28
140,kuaishou,简直老年舞蹈队跳得真好看，充满活力…,0.6465,正面,17,2024-09-01
141,kuaishou,老年公交卡真方便，出行无忧,0.6048,正面,14,2024-04-15
142,kuaishou,老年人也要与时俱进，学会用智能手机👍,0.579,正面,5,2024-08-23
143,kuaishou,非常老年生活也可以很精彩，活到老学到老,0.6374,正面,9,2024-10-14
144,kuaishou,子女都在外地打工，老人独居太可怜,0.1218,负面,3,2024-02-11
145,kuaishou,重庆的老龄化程度在全国处于什么水平👍,0.4916,中性,4,2024-12-21
146,kuaishou,建议老年人也要与时俱进，学会用智能手机💪,0.6608,正面,14,2024-01-27
147,kuaishou,去大医院排队排到心塞，老年人体力吃不消,0.1612,负面,4,2024-02-17
148,kuaishou,老年人在家摔倒没人知道怎么办。,0.01,负面,3,2024-08-18
149,kuaishou,社区养老服务越来越好了，点赞🤔,0.9423,正面,5,2024-05-07
150,kuaishou,去大医院排队排到心塞，老年人体力吃不消,0.1501,负面,15,2024-04-07
151,kuaishou,实在老年人是社会的财富，应该多关心他们,0.8147,正面,3,2024-02-24
152,kuaishou,希望老年舞蹈队跳得真好看，充满活力…,0.9021,正面,2,2024-03-23
153,kuaishou,特别养老院条件太差了，费用还死贵,0.1,负面,9,2024-09-06
154,kuaishou,太老年舞蹈队跳得真好看，充满活力,0.613,正面,14,2024-07-08
155,kuaishou,老年志愿者真了不起，值得尊敬👍,0.8355,正面,1,2024-10-19
156,kuaishou,养老院条件太差了，费用还死贵🤔,0.1675,负面,2,2024-10-07
157,kuaishou,养老金年年涨，生活有保障。,0.8847,正面,1,2024-05-20
158,kuaishou,太很多公园没有无障碍通道，轮椅过不去！,0.1566,负面,3,2024-07-25
159,kuaishou,买药太贵了，慢性病吃药一年花好几万,0.1205,负面,4,2024-01-08
160,kuaishou,老年人经验丰富，是年轻人的好老师💪,0.9137,正面,10,2024-03-02
161,kuaishou,真的老年生活也可以很精彩，活到老学到老👍,0.8696,正面,7,2024-10-18
162,kuaishou,老年志愿者真了不起，值得尊敬,0.5834,正面,7,2024-05-09
163,kuaishou,陪着父母去旅游，他们开心极了,0.6213,正面,3,2024-03-26
164,kuaishou,重庆的老龄化程度在全国处于什么水平,0.4054,中性,16,2024-07-24
165,kuaishou,养老模式到底是居家好还是去养老院好。,0.3883,中性,4,2024-01-02
166,kuaishou,老龄化是社会发展的必然趋势,0.5089,中性,60,2024-06-06
167,kuaishou,老年生活也可以很精彩，活到老学到老😔,0.7423,正面,7,2024-09-21
168,kuaishou,社区食堂对老年人优惠，真的很贴心💪,0.8494,正面,1,2024-03-12
169,kuaishou,社区养老服务越来越好了，点赞！,0.8679,正面,8,2024-05-09
170,kuaishou,陪着父母去旅游，他们开心极了👍,0.6092,正面,3,2024-08-10
171,kuaishou,非常老年舞蹈队跳得真好看，充满活力👍,0.5806,正面,8,2024-10-26
172,kuaishou,小区新安装了老年健身器材，方便多了,0.5662,正面,1,2024-01-20
173,kuaishou,希望退休后参加老年大学，感觉生活充实多了。,0.9043,正面,2,2024-02-12
174,kuaishou,太老年人经验丰富，是年轻人的好老师,0.7011,正面,17,2024-05-17
175,kuaishou,实在农村老人看病太难了，要走几十里路🙏,0.1357,负面,2,2024-07-24
176,kuaishou,简直老年人是社会的财富，应该多关心他们,0.8,正面,15,2024-07-20
177,kuaishou,老龄化是社会发展的必然趋势👍,0.4817,中性,2,2024-03-05
178,kuaishou,太老年舞蹈队跳得真好看，充满活力！,0.5688,正面,7,2024-09-04
179,kuaishou,老年人也要与时俱进，学会用智能手机,0.6535,正面,9,2024-09-16
180,kuaishou,简直去大医院排队排到心塞，老年人体力吃不消👍,0.108,负面,5,2024-11-03
181,kuaishou,太尊老爱幼是传统美德，大家都要学习🙏,0.8192,正面,2,2024-11-10
182,kuaishou,社区食堂对老年人优惠，真的很贴心…,0.8178,正面,2,2024-05-06
183,kuaishou,建议老年人经验丰富，是年轻人的好老师💪,0.8526,正面,1,2024-09-14
184,kuaishou,老年舞蹈队跳得真好看，充满活力,0.6507,正面,2,2024-07-10
185,kuaishou,真的老年舞蹈队跳得真好看，充满活力,0.6995,正面,7,2024-07-26
186,kuaishou,养老模式到底是居家好还是去养老院好！,0.352,中性,31,2024-04-28
187,kuaishou,人口结构变化会影响经济发展！,0.3632,中性,18,2024-05-17
188,kuaishou,重庆的老龄化程度在全国处于什么水平👍,0.3605,中性,11,2024-09-06
189,kuaishou,尊老爱幼是传统美德，大家都要学习,0.7363,正面,12,2024-11-23
190,kuaishou,社区食堂对老年人优惠，真的很贴心！,0.8056,正面,8,2024-04-07
191,kuaishou,有些老年舞蹈队跳得真好看，充满活力！,0.8796,正面,2,2024-10-11
192,kuaishou,老年生活也可以很精彩，活到老学到老,0.8727,正面,23,2024-02-23
193,kuaishou,真的老年人也要与时俱进，学会用智能手机🙏,0.9014,正面,8,2024-04-08
194,kuaishou,希望听说日本老龄化更严重，可以学习经验。,0.3978,中性,6,2024-04-02
195,kuaishou,感觉老年痴呆走失了警察也找不到👍,0.0246,负面,1,2024-08-25
196,kuaishou,直播坑老人买保健品，太可恶了…,0.0977,负面,4,2024-09-24
197,kuaishou,真的尊老爱幼是传统美德，大家都要学习🙏,0.6335,正面,4,2024-02-11
198,kuaishou,尊老爱幼是传统美德，大家都要学习,0.885,正面,18,2024-04-23
199,kuaishou,非常社区食堂对老年人优惠，真的很贴心🙏,0.8311,正面,5,2024-02-24
200,kuaishou,特别直播带货卖假货给老人，没人管管吗🙏,0.128,负面,3,2024-06-05
201,kuaishou,有些养老金年年涨，生活有保障🤔,0.5784,正面,56,2024-10-10
202,kuaishou,老年生活也可以很精彩，活到老学到老。,0.6425,正面,1,2024-01-19
203,kuaishou,每个家庭都会面临养老问题,0.3084,中性,4,2024-04-20
204,kuaishou,确实小区新安装了老年健身器材，方便多了,0.66,正面,1,2024-05-02
205,kuaishou,老年志愿者真了不起，值得尊敬。,0.7129,正面,10,2024-11-01
206,kuaishou,老年公交卡真方便，出行无忧💪,0.7082,正面,25,2024-01-17
207,kuaishou,尊老爱幼是传统美德，大家都要学习,0.7206,正面,2,2024-04-28
208,kuaishou,感觉老年生活也可以很精彩，活到老学到老,0.6945,正面,17,2024-01-13
209,kuaishou,重庆的老龄化程度在全国处于什么水平,0.3461,中性,2,2024-03-25
210,kuaishou,感谢政府对老年人的关怀和照顾👍,0.6923,正面,24,2024-09-06
211,kuaishou,小区新安装了老年健身器材，方便多了👍,0.8006,正面,11,2024-11-05
212,kuaishou,买药太贵了，慢性病吃药一年花好几万,0.0601,负面,13,2024-02-08
213,kuaishou,叫120等了40分钟才到，急救反应太慢了,0.1608,负面,1,2024-06-10
214,kuaishou,社区食堂对老年人优惠，真的很贴心👍,0.9151,正面,42,2024-03-14
215,kuaishou,社区食堂对老年人优惠，真的很贴心,0.6997,正面,10,2024-02-22
216,kuaishou,老年人也要与时俱进，学会用智能手机👍,0.5572,正面,2,2024-06-19
217,kuaishou,老年人在家摔倒没人知道怎么办💪,0.1191,负面,15,2024-08-09
218,kuaishou,养老金年年涨，生活有保障🤔,0.8325,正面,2,2024-07-25
219,kuaishou,子女都在外地打工，老人独居太可怜🙏,0.0663,负面,19,2024-10-24
220,kuaishou,老年志愿者真了不起，值得尊敬。,0.6682,正面,1,2024-10-13
221,kuaishou,有些养老金年年涨，生活有保障！,0.5912,正面,9,2024-10-20
222,kuaishou,简直直播带货卖假货给老人，没人管管吗！,0.0462,负面,5,2024-03-25
223,kuaishou,感觉老年志愿者真了不起，值得尊敬💪,0.9343,正面,1,2024-01-18
224,kuaishou,社区食堂对老年人优惠，真的很贴心,0.5971,正面,2,2024-11-15
225,kuaishou,延迟退休政策对老年人有什么影响,0.4185,中性,1,2024-09-20
226,kuaishou,简直社区食堂对老年人优惠，真的很贴心👍,0.791,正面,4,2024-03-22
227,kuaishou,老年人在家摔倒没人知道怎么办…,0.1673,负面,2,2024-11-04
228,kuaishou,有些医院对老年人没有专门的照顾窗口,0.1259,负面,6,2024-07-19
229,kuaishou,有些尊老爱幼是传统美德，大家都要学习…,0.7237,正面,2,2024-10-13
230,kuaishou,有些社区养老服务越来越好了，点赞😔,0.9194,正面,2,2024-07-04
231,kuaishou,确实老年产业应该是个新风口！,0.3441,中性,10,2024-04-25
232,kuaishou,尊老爱幼是传统美德，大家都要学习！,0.6462,正面,1,2024-09-09
233,kuaishou,买药太贵了，慢性病吃药一年花好几万,0.1923,负面,23,2024-01-01
234,kuaishou,太每个家庭都会面临养老问题👍,0.2688,中性,17,2024-04-03
235,kuaishou,养老基金还够不够用啊,0.3505,中性,8,2024-01-03
236,kuaishou,希望养老金年年涨，生活有保障🙏,0.8093,正面,6,2024-02-28
237,kuaishou,老年人经验丰富，是年轻人的好老师👍,0.8595,正面,21,2024-04-28
238,kuaishou,希望不知道未来养老政策会怎么调整！,0.2651,中性,2,2024-05-01
239,kuaishou,建议养老金年年涨，生活有保障😔,0.6626,正面,1,2024-03-24
240,kuaishou,每个家庭都会面临养老问题。,0.4514,中性,2,2024-01-18
241,kuaishou,人口结构变化会影响经济发展…,0.4675,中性,13,2024-01-06
242,kuaishou,延迟退休政策对老年人有什么影响🤔,0.2568,中性,1,2024-09-09
243,kuaishou,实在去大医院排队排到心塞，老年人体力吃不消。,0.0485,负面,6,2024-06-23
244,kuaishou,有些老年公交卡真方便，出行无忧,0.9344,正面,139,2024-08-01
245,kuaishou,直播带货卖假货给老人，没人管管吗,0.1825,负面,17,2024-10-06
246,kuaishou,有些老年生活也可以很精彩，活到老学到老🤔,0.8501,正面,5,2024-06-05
247,kuaishou,简直养老金年年涨，生活有保障,0.9406,正面,1,2024-08-03
248,kuaishou,养老金年年涨，生活有保障🙏,0.5697,正面,15,2024-06-02
249,kuaishou,老年人在家摔倒没人知道怎么办,0.107,负面,6,2024-07-09
250,kuaishou,去大医院排队排到心塞，老年人体力吃不消,0.0958,负面,1,2024-07-16
251,kuaishou,直播带货卖假货给老人，没人管管吗🤔,0.098,负面,1,2024-09-06
252,kuaishou,有点陪着父母去旅游，他们开心极了🙏,0.6146,正面,24,2024-09-27
253,kuaishou,老年生活也可以很精彩，活到老学到老…,0.6544,正面,8,2024-03-19
254,kuaishou,人口结构变化会影响经济发展😔,0.4853,中性,15,2024-04-25
255,kuaishou,去大医院排队排到心塞，老年人体力吃不消,0.1762,负面,19,2024-09-06
256,kuaishou,感谢政府对老年人的关怀和照顾💪,0.6416,正面,6,2024-01-16
257,kuaishou,老年公交卡真方便，出行无忧💪,0.9478,正面,5,2024-01-13
258,kuaishou,老年人经验丰富，是年轻人的好老师,0.7573,正面,4,2024-06-25
259,kuaishou,尊老爱幼是传统美德，大家都要学习,0.5837,正面,3,2024-04-21
260,kuaishou,希望尊老爱幼是传统美德，大家都要学习。,0.5845,正面,4,2024-01-25
261,kuaishou,小区新安装了老年健身器材，方便多了…,0.9248,正面,12,2024-10-05
262,kuaishou,感觉老年舞蹈队跳得真好看，充满活力,0.9248,正面,6,2024-06-19
263,kuaishou,感觉很多公园没有无障碍通道，轮椅过不去👍,0.1229,负面,21,2024-11-09
264,kuaishou,养老金年年涨，生活有保障,0.7667,正面,4,2024-03-05
265,kuaishou,很多公园没有无障碍通道，轮椅过不去💪,0.0164,负面,6,2024-04-22
266,kuaishou,非常医院对老年人没有专门的照顾窗口🤔,0.1462,负面,7,2024-03-10
267,kuaishou,医院对老年人没有专门的照顾窗口🤔,0.1073,负面,6,2024-02-10
268,kuaishou,老年志愿者真了不起，值得尊敬,0.753,正面,9,2024-12-21
269,kuaishou,老年公交卡真方便，出行无忧…,0.6216,正面,2,2024-08-13
270,kuaishou,感觉老年舞蹈队跳得真好看，充满活力😔,0.9388,正面,5,2024-05-13
271,kuaishou,直播坑老人买保健品，太可恶了😔,0.1467,负面,1,2024-08-20
272,kuaishou,尊老爱幼是传统美德，大家都要学习…,0.8928,正面,3,2024-09-16
273,kuaishou,养老院条件太差了，费用还死贵😔,0.0708,负面,4,2024-12-02
274,kuaishou,希望老龄化是社会发展的必然趋势,0.3696,中性,7,2024-06-02
275,kuaishou,太子女都在外地打工，老人独居太可怜…,0.18,负面,35,2024-12-20
276,kuaishou,养老基金还够不够用啊,0.2615,中性,6,2024-05-18
277,kuaishou,实在养老模式到底是居家好还是去养老院好👍,0.5057,中性,10,2024-07-15
278,kuaishou,感谢政府对老年人的关怀和照顾,0.8806,正面,5,2024-11-08
279,kuaishou,养老基金还够不够用啊,0.504,中性,7,2024-04-18
280,kuaishou,尊老爱幼是传统美德，大家都要学习。,0.6543,正面,1,2024-03-18
281,kuaishou,人口结构变化会影响经济发展…,0.3034,中性,2,2024-03-19
282,kuaishou,养老金年年涨，生活有保障。,0.6387,正面,3,2024-09-20
283,kuaishou,陪着父母去旅游，他们开心极了👍,0.9466,正面,4,2024-12-13
284,kuaishou,太社区食堂对老年人优惠，真的很贴心👍,0.7459,正面,1,2024-06-01
285,kuaishou,简直延迟退休政策对老年人有什么影响！,0.4975,中性,1,2024-11-20
286,kuaishou,直播带货卖假货给老人，没人管管吗,0.1073,负面,2,2024-08-20
287,kuaishou,老年生活也可以很精彩，活到老学到老🙏,0.7586,正面,50,2024-04-09
288,kuaishou,特别感谢政府对老年人的关怀和照顾！,0.6341,正面,3,2024-08-04
289,kuaishou,去大医院排队排到心塞，老年人体力吃不消。,0.0304,负面,4,2024-10-07
290,kuaishou,太陪着父母去旅游，他们开心极了😔,0.9302,正面,2,2024-06-02
291,kuaishou,希望老年人在家摔倒没人知道怎么办,0.191,负面,7,2024-05-25
292,kuaishou,有些感谢政府对老年人的关怀和照顾,0.6209,正面,2,2024-12-19
293,kuaishou,有点养老金年年涨，生活有保障,0.843,正面,2,2024-05-12
294,kuaishou,老年志愿者真了不起，值得尊敬。,0.7607,正面,5,2024-07-06
295,kuaishou,骗子专门盯着老年人骗，防不胜防…,0.1637,负面,1,2024-07-02
296,kuaishou,医院对老年人没有专门的照顾窗口😔,0.1062,负面,1,2024-09-15
297,kuaishou,尊老爱幼是传统美德，大家都要学习👍,0.6053,正面,2,2024-06-24
298,kuaishou,感谢政府对老年人的关怀和照顾。,0.8432,正面,1,2024-06-26
299,kuaishou,尊老爱幼是传统美德，大家都要学习,0.6718,正面,1,2024-02-26
300,kuaishou,叫120等了40分钟才到，急救反应太慢了,0.0359,负面,3,2024-01-05
301,kuaishou,老年生活也可以很精彩，活到老学到老,0.7845,正面,13,2024-04-05
302,kuaishou,特别养老模式到底是居家好还是去养老院好😔,0.2708,中性,6,2024-01-17
303,kuaishou,确实每个家庭都会面临养老问题！,0.4167,中性,5,2024-05-10
304,kuaishou,养老金年年涨，生活有保障😔,0.948,正面,2,2024-12-08
305,kuaishou,社区食堂对老年人优惠，真的很贴心！,0.8655,正面,29,2024-11-14
306,kuaishou,不知道未来养老政策会怎么调整💪,0.3599,中性,3,2024-12-06
307,kuaishou,社区养老服务越来越好了，点赞,0.7603,正面,1,2024-12-18
308,kuaishou,感觉听说日本老龄化更严重，可以学习经验,0.5009,中性,7,2024-11-01
309,kuaishou,确实老龄化是社会发展的必然趋势👍,0.3631,中性,1,2024-04-14
310,kuaishou,老年生活也可以很精彩，活到老学到老,0.837,正面,3,2024-09-06
311,kuaishou,老年人也要与时俱进，学会用智能手机,0.5848,正面,5,2024-06-16
312,kuaishou,老年人也要与时俱进，学会用智能手机！,0.9393,正面,19,2024-08-05
313,kuaishou,感觉养老金年年涨，生活有保障,0.9269,正面,5,2024-09-27
314,kuaishou,社区食堂对老年人优惠，真的很贴心…,0.7715,正面,9,2024-01-18
315,kuaishou,有点重庆的老龄化程度在全国处于什么水平🤔,0.4436,中性,108,2024-04-07
316,kuaishou,听说日本老龄化更严重，可以学习经验,0.5277,中性,1,2024-01-11
317,kuaishou,养老金年年涨，生活有保障,0.9321,正面,2,2024-12-14
318,kuaishou,感觉老年痴呆走失了警察也找不到,0.0911,负面,3,2024-11-10
319,kuaishou,希望尊老爱幼是传统美德，大家都要学习。,0.6446,正面,4,2024-12-08
320,kuaishou,建议退休后参加老年大学，感觉生活充实多了🤔,0.6567,正面,4,2024-08-24
321,kuaishou,真的老年舞蹈队跳得真好看，充满活力🙏,0.7072,正面,23,2024-06-09
322,kuaishou,老年舞蹈队跳得真好看，充满活力,0.7492,正面,9,2024-03-15
323,kuaishou,真的养老金年年涨，生活有保障。,0.6197,正面,6,2024-04-22
324,kuaishou,建议人口结构变化会影响经济发展。,0.4656,中性,3,2024-03-19
325,kuaishou,老年人是社会的财富，应该多关心他们,0.8749,正面,14,2024-03-26
326,kuaishou,简直老年舞蹈队跳得真好看，充满活力,0.8404,正面,38,2024-01-02
327,kuaishou,人口结构变化会影响经济发展😔,0.432,中性,14,2024-09-17
328,kuaishou,老年生活也可以很精彩，活到老学到老。,0.8273,正面,1,2024-11-17
329,kuaishou,社区食堂对老年人优惠，真的很贴心,0.764,正面,7,2024-04-01
330,kuaishou,去大医院排队排到心塞，老年人体力吃不消🙏,0.1853,负面,1,2024-10-11
331,kuaishou,简直感谢政府对老年人的关怀和照顾💪,0.8841,正面,2,2024-10-28
332,kuaishou,建议尊老爱幼是传统美德，大家都要学习🙏,0.8072,正面,1,2024-12-12
333,kuaishou,老年生活也可以很精彩，活到老学到老💪,0.7412,正面,6,2024-09-07
334,kuaishou,听说日本老龄化更严重，可以学习经验😔,0.5235,中性,8,2024-02-07
335,kuaishou,实在社区养老服务越来越好了，点赞💪,0.6081,正面,1,2024-03-04
336,kuaishou,陪着父母去旅游，他们开心极了😔,0.8247,正面,3,2024-07-15
337,kuaishou,养老金年年涨，生活有保障,0.8586,正面,4,2024-02-13
338,kuaishou,建议老年公交卡真方便，出行无忧,0.6223,正面,3,2024-08-05
339,kuaishou,老年产业应该是个新风口,0.478,中性,1,2024-10-24
340,kuaishou,简直养老金年年涨，生活有保障👍,0.627,正面,4,2024-01-22
341,kuaishou,有些老年公交卡真方便，出行无忧,0.8161,正面,11,2024-03-25
342,kuaishou,社区养老服务越来越好了，点赞🤔,0.6638,正面,1,2024-07-21
343,kuaishou,买药太贵了，慢性病吃药一年花好几万,0.0117,负面,1,2024-03-20
344,kuaishou,老年人是社会的财富，应该多关心他们💪,0.886,正面,3,2024-06-12
345,kuaishou,直播坑老人买保健品，太可恶了,0.164,负面,32,2024-04-23
346,kuaishou,老年人也要与时俱进，学会用智能手机,0.7834,正面,8,2024-04-15
347,kuaishou,特别老年生活也可以很精彩，活到老学到老👍,0.7195,正面,8,2024-06-13
348,kuaishou,确实不知道未来养老政策会怎么调整💪,0.3136,中性,3,2024-03-01
349,kuaishou,感觉直播带货卖假货给老人，没人管管吗,0.0202,负面,6,2024-08-08
350,kuaishou,建议尊老爱幼是传统美德，大家都要学习💪,0.7896,正面,1,2024-02-14
351,kuaishou,非常叫120等了40分钟才到，急救反应太慢了👍,0.0883,负面,7,2024-11-04
352,kuaishou,陪着父母去旅游，他们开心极了🤔,0.6134,正面,24,2024-11-01
353,kuaishou,真的延迟退休政策对老年人有什么影响🙏,0.2597,中性,7,2024-06-13
354,kuaishou,非常老年舞蹈队跳得真好看，充满活力🙏,0.8059,正面,19,2024-02-12
355,kuaishou,养老模式到底是居家好还是去养老院好,0.3616,中性,10,2024-04-09
356,kuaishou,太养老院条件太差了，费用还死贵,0.169,负面,1,2024-02-02
357,kuaishou,建议老年产业应该是个新风口…,0.2868,中性,23,2024-09-08
358,kuaishou,实在退休后参加老年大学，感觉生活充实多了…,0.8554,正面,1,2024-09-02
359,kuaishou,确实老年舞蹈队跳得真好看，充满活力,0.8407,正面,5,2024-10-01
360,kuaishou,有些老年痴呆走失了警察也找不到,0.0216,负面,1,2024-07-15
361,kuaishou,真的小区新安装了老年健身器材，方便多了！,0.835,正面,1,2024-06-17
362,kuaishou,建议老年生活也可以很精彩，活到老学到老,0.8704,正面,4,2024-01-01
363,kuaishou,老年志愿者真了不起，值得尊敬😔,0.8938,正面,2,2024-07-23
364,kuaishou,真的人口结构变化会影响经济发展。,0.2589,中性,4,2024-04-22
365,kuaishou,不知道未来养老政策会怎么调整😔,0.4968,中性,6,2024-05-27
366,kuaishou,感觉养老金根本不够用，物价涨得太快,0.1664,负面,1,2024-09-08
367,kuaishou,非常人口结构变化会影响经济发展…,0.2557,中性,1,2024-07-14
368,kuaishou,确实感谢政府对老年人的关怀和照顾,0.8007,正面,6,2024-01-15
369,kuaishou,建议重庆的老龄化程度在全国处于什么水平🤔,0.5242,中性,3,2024-05-19
370,kuaishou,老年志愿者真了不起，值得尊敬💪,0.5772,正面,10,2024-12-21
371,kuaishou,感谢政府对老年人的关怀和照顾,0.6497,正面,7,2024-06-26
372,kuaishou,感觉养老金年年涨，生活有保障！,0.7935,正面,16,2024-11-27
373,kuaishou,养老金根本不够用，物价涨得太快😔,0.1588,负面,9,2024-11-08
374,kuaishou,太养老金年年涨，生活有保障…,0.7256,正面,4,2024-10-18
375,kuaishou,简直老年公交卡真方便，出行无忧😔,0.7028,正面,8,2024-05-02
376,kuaishou,退休后参加老年大学，感觉生活充实多了。,0.6493,正面,2,2024-07-06
377,kuaishou,老年产业应该是个新风口🙏,0.4509,中性,3,2024-10-04
378,kuaishou,直播坑老人买保健品，太可恶了,0.1452,负面,12,2024-07-28
379,kuaishou,小区新安装了老年健身器材，方便多了👍,0.5704,正面,4,2024-03-04
380,kuaishou,陪着父母去旅游，他们开心极了,0.6133,正面,13,2024-11-26
381,kuaishou,老年公交卡真方便，出行无忧,0.9108,正面,14,2024-04-12
382,kuaishou,直播带货卖假货给老人，没人管管吗,0.0313,负面,17,2024-12-27
383,kuaishou,骗子专门盯着老年人骗，防不胜防,0.0158,负面,25,2024-09-13
384,kuaishou,特别尊老爱幼是传统美德，大家都要学习👍,0.6143,正面,4,2024-09-24
385,kuaishou,真的小区新安装了老年健身器材，方便多了👍,0.939,正面,3,2024-03-02
386,kuaishou,希望老年人是社会的财富，应该多关心他们,0.7175,正面,6,2024-03-27
387,kuaishou,社区养老服务越来越好了，点赞🤔,0.6698,正面,3,2024-11-03
388,kuaishou,小区新安装了老年健身器材，方便多了,0.8197,正面,6,2024-10-22
389,kuaishou,老年志愿者真了不起，值得尊敬…,0.6102,正面,9,2024-10-22
390,kuaishou,老龄化是社会发展的必然趋势,0.3301,中性,8,2024-12-04
391,kuaishou,直播坑老人买保健品，太可恶了。,0.1601,负面,3,2024-07-02
392,kuaishou,子女都在外地打工，老人独居太可怜🤔,0.0571,负面,1,2024-12-18
393,kuaishou,老年人经验丰富，是年轻人的好老师😔,0.6916,正面,4,2024-10-26
394,kuaishou,社区食堂对老年人优惠，真的很贴心…,0.5681,正面,1,2024-12-21
395,kuaishou,非常养老金根本不够用，物价涨得太快🙏,0.0829,负面,21,2024-07-01
396,kuaishou,退休后参加老年大学，感觉生活充实多了,0.6107,正面,3,2024-09-11
397,kuaishou,简直尊老爱幼是传统美德，大家都要学习🤔,0.9425,正面,1,2024-07-09
398,kuaishou,养老金年年涨，生活有保障！,0.9341,正面,1,2024-09-13
399,kuaishou,有点每个家庭都会面临养老问题,0.2912,中性,7,2024-09-15
400,kuaishou,确实养老金年年涨，生活有保障,0.8832,正面,7,2024-02-19
401,kuaishou,老年舞蹈队跳得真好看，充满活力,0.9449,正面,3,2024-04-23
402,kuaishou,老年生活也可以很精彩，活到老学到老,0.74,正面,1,2024-06-06
403,kuaishou,退休后参加老年大学，感觉生活充实多了…,0.6785,正面,4,2024-06-25
404,kuaishou,非常农村老人看病太难了，要走几十里路😔,0.1822,负面,3,2024-03-09
405,kuaishou,简直每个家庭都会面临养老问题💪,0.3454,中性,8,2024-05-09
406,kuaishou,建议每个家庭都会面临养老问题😔,0.3706,中性,6,2024-12-03
407,kuaishou,养老基金还够不够用啊🤔,0.4115,中性,3,2024-01-18
408,kuaishou,非常社区没有老年活动场所，天天在家发呆,0.1683,负面,2,2024-08-09
409,kuaishou,社区养老服务越来越好了，点赞🙏,0.8649,正面,82,2024-03-13
410,kuaishou,骗子专门盯着老年人骗，防不胜防🙏,0.0902,负面,4,2024-04-23
411,kuaishou,老年产业应该是个新风口…,0.3821,中性,8,2024-10-10
412,kuaishou,希望养老金年年涨，生活有保障,0.6545,正面,1,2024-02-04
413,kuaishou,不知道未来养老政策会怎么调整😔,0.2676,中性,4,2024-06-08
414,kuaishou,确实叫120等了40分钟才到，急救反应太慢了…,0.0767,负面,1,2024-11-24
415,kuaishou,养老金年年涨，生活有保障…,0.7651,正面,5,2024-04-14
416,kuaishou,感觉老年人也要与时俱进，学会用智能手机！,0.809,正面,43,2024-06-12
417,kuaishou,老年人是社会的财富，应该多关心他们🤔,0.5697,正面,3,2024-10-10
418,kuaishou,太养老金年年涨，生活有保障…,0.6501,正面,1,2024-11-28
419,kuaishou,老年产业应该是个新风口…,0.434,中性,1,2024-01-11
420,kuaishou,老年人是社会的财富，应该多关心他们。,0.8781,正面,3,2024-07-28
421,kuaishou,小区新安装了老年健身器材，方便多了🙏,0.686,正面,1,2024-08-26
422,kuaishou,听说日本老龄化更严重，可以学习经验🙏,0.3077,中性,1,2024-01-14
423,kuaishou,老年舞蹈队跳得真好看，充满活力…,0.6978,正面,11,2024-03-28
424,kuaishou,太养老模式到底是居家好还是去养老院好🤔,0.4602,中性,4,2024-06-20
425,kuaishou,老年人是社会的财富，应该多关心他们…,0.5537,正面,2,2024-03-28
426,kuaishou,尊老爱幼是传统美德，大家都要学习😔,0.6676,正面,22,2024-07-16
427,kuaishou,尊老爱幼是传统美德，大家都要学习…,0.8555,正面,1,2024-01-04
428,kuaishou,有些老年人也要与时俱进，学会用智能手机！,0.9434,正面,38,2024-09-26
429,kuaishou,叫120等了40分钟才到，急救反应太慢了,0.1545,负面,3,2024-02-16
430,kuaishou,确实小区新安装了老年健身器材，方便多了,0.9467,正面,20,2024-10-20
431,kuaishou,老年舞蹈队跳得真好看，充满活力！,0.9089,正面,6,2024-08-05
432,kuaishou,不知道未来养老政策会怎么调整,0.4416,中性,15,2024-12-04
433,kuaishou,老年志愿者真了不起，值得尊敬😔,0.6505,正面,70,2024-06-08
434,kuaishou,养老金年年涨，生活有保障👍,0.8418,正面,2,2024-01-15
435,kuaishou,子女都在外地打工，老人独居太可怜👍,0.0421,负面,41,2024-03-10
436,kuaishou,特别老年志愿者真了不起，值得尊敬！,0.8279,正面,3,2024-06-26
437,kuaishou,希望社区食堂对老年人优惠，真的很贴心。,0.9278,正面,3,2024-05-21
438,kuaishou,尊老爱幼是传统美德，大家都要学习,0.8979,正面,3,2024-02-05
439,kuaishou,有些老年人也要与时俱进，学会用智能手机🙏,0.9439,正面,5,2024-12-24
440,kuaishou,养老基金还够不够用啊😔,0.47,中性,1,2024-08-25
441,kuaishou,听说日本老龄化更严重，可以学习经验🤔,0.4493,中性,5,2024-12-06
442,kuaishou,老年生活也可以很精彩，活到老学到老…,0.897,正面,5,2024-11-06
443,kuaishou,农村老人看病太难了，要走几十里路,0.1457,负面,11,2024-02-20
444,kuaishou,希望买药太贵了，慢性病吃药一年花好几万,0.0179,负面,15,2024-01-13
445,kuaishou,感觉老年志愿者真了不起，值得尊敬,0.7512,正面,4,2024-06-28
446,kuaishou,叫120等了40分钟才到，急救反应太慢了💪,0.0168,负面,2,2024-11-24
447,kuaishou,老年人也要与时俱进，学会用智能手机👍,0.899,正面,2,2024-05-17
448,kuaishou,非常农村老人看病太难了，要走几十里路🤔,0.1979,负面,2,2024-06-09
449,kuaishou,陪着父母去旅游，他们开心极了。,0.7627,正面,1,2024-12-03
450,kuaishou,听说日本老龄化更严重，可以学习经验,0.3851,中性,3,2024-01-21
451,kuaishou,养老金年年涨，生活有保障👍,0.5993,正面,2,2024-09-22
452,kuaishou,老年痴呆走失了警察也找不到🙏,0.0833,负面,45,2024-07-19
453,kuaishou,特别很多公园没有无障碍通道，轮椅过不去😔,0.1412,负面,6,2024-10-23
454,kuaishou,直播坑老人买保健品，太可恶了,0.0621,负面,3,2024-05-13
455,kuaishou,社区养老服务越来越好了，点赞👍,0.8947,正面,6,2024-12-13
456,kuaishou,尊老爱幼是传统美德，大家都要学习🤔,0.9118,正面,1,2024-04-19
457,kuaishou,老年生活也可以很精彩，活到老学到老,0.6453,正面,4,2024-02-21
458,kuaishou,老年公交卡真方便，出行无忧🙏,0.8768,正面,7,2024-04-06
459,kuaishou,确实老年产业应该是个新风口,0.5272,中性,4,2024-02-01
460,kuaishou,有些老年公交卡真方便，出行无忧…,0.5508,正面,3,2024-08-14
461,kuaishou,老年公交卡真方便，出行无忧🙏,0.5619,正面,118,2024-11-28
462,kuaishou,非常重庆的老龄化程度在全国处于什么水平,0.2534,中性,19,2024-06-13
463,kuaishou,老年公交卡真方便，出行无忧！,0.8398,正面,7,2024-06-21
464,kuaishou,重庆的老龄化程度在全国处于什么水平😔,0.4269,中性,6,2024-05-14
465,kuaishou,退休后参加老年大学，感觉生活充实多了。,0.7135,正面,7,2024-11-26
466,kuaishou,老年生活也可以很精彩，活到老学到老😔,0.8433,正面,2,2024-07-06
467,kuaishou,建议陪着父母去旅游，他们开心极了🙏,0.6616,正面,3,2024-07-15
468,kuaishou,老年公交卡真方便，出行无忧🤔,0.8256,正面,1,2024-07-14
469,kuaishou,特别老年人是社会的财富，应该多关心他们！,0.912,正面,4,2024-02-23
470,kuaishou,有点听说日本老龄化更严重，可以学习经验👍,0.546,中性,5,2024-06-04
471,kuaishou,养老基金还够不够用啊,0.3307,中性,2,2024-09-20
472,kuaishou,老年志愿者真了不起，值得尊敬👍,0.8541,正面,43,2024-04-10
473,kuaishou,老年人也要与时俱进，学会用智能手机,0.777,正面,24,2024-07-20
474,kuaishou,老年产业应该是个新风口👍,0.3202,中性,9,2024-09-21
475,kuaishou,社区食堂对老年人优惠，真的很贴心🙏,0.8142,正面,5,2024-02-12
476,kuaishou,确实养老金年年涨，生活有保障🙏,0.7215,正面,18,2024-08-13
477,kuaishou,听说日本老龄化更严重，可以学习经验,0.288,中性,1,2024-07-23
478,kuaishou,社区食堂对老年人优惠，真的很贴心,0.7588,正面,12,2024-07-01
479,kuaishou,骗子专门盯着老年人骗，防不胜防🙏,0.1724,负面,1,2024-06-05
480,kuaishou,确实养老模式到底是居家好还是去养老院好😔,0.3507,中性,13,2024-08-15
481,kuaishou,实在不知道未来养老政策会怎么调整,0.3965,中性,2,2024-02-18
482,kuaishou,养老金年年涨，生活有保障,0.8351,正面,19,2024-07-09
483,kuaishou,感觉养老金年年涨，生活有保障,0.9272,正面,33,2024-08-02
484,kuaishou,有些养老模式到底是居家好还是去养老院好。,0.3299,中性,1,2024-11-10
485,kuaishou,陪着父母去旅游，他们开心极了👍,0.5681,正面,4,2024-03-01
486,kuaishou,陪着父母去旅游，他们开心极了💪,0.6969,正面,63,2024-10-01
487,kuaishou,老年人经验丰富，是年轻人的好老师。,0.6378,正面,4,2024-07-09
488,kuaishou,有点老年生活也可以很精彩，活到老学到老,0.8809,正面,18,2024-09-06
489,kuaishou,确实直播带货卖假货给老人，没人管管吗😔,0.1596,负面,6,2024-09-21
490,kuaishou,实在退休后参加老年大学，感觉生活充实多了…,0.8368,正面,3,2024-02-13
491,kuaishou,有些社区养老服务越来越好了，点赞🤔,0.5736,正面,2,2024-12-25
492,kuaishou,实在养老金年年涨，生活有保障😔,0.6987,正面,2,2024-02-27
493,kuaishou,老年人经验丰富，是年轻人的好老师💪,0.5823,正面,11,2024-06-08
494,kuaishou,有点养老金年年涨，生活有保障,0.6045,正面,3,2024-07-19
495,kuaishou,建议老龄化是社会发展的必然趋势🤔,0.5371,中性,5,2024-02-17
496,kuaishou,希望感谢政府对老年人的关怀和照顾,0.8297,正面,5,2024-10-17
497,kuaishou,老年志愿者真了不起，值得尊敬…,0.7792,正面,6,2024-06-05
498,kuaishou,小区新安装了老年健身器材，方便多了💪,0.8564,正面,18,2024-02-20
499,kuaishou,去大医院排队排到心塞，老年人体力吃不消,0.1629,负面,63,2024-04-25
500,kuaishou,有些感谢政府对老年人的关怀和照顾🤔,0.5682,正面,3,2024-10-13
501,kuaishou,建议重庆的老龄化程度在全国处于什么水平。,0.3905,中性,15,2024-08-09
502,kuaishou,老年公交卡真方便，出行无忧…,0.6106,正面,11,2024-05-18
503,kuaishou,老年人经验丰富，是年轻人的好老师,0.7291,正面,6,2024-12-09
504,kuaishou,实在骗子专门盯着老年人骗，防不胜防。,0.0471,负面,38,2024-04-13
505,kuaishou,真的尊老爱幼是传统美德，大家都要学习😔,0.7661,正面,2,2024-08-09
506,kuaishou,特别小区新安装了老年健身器材，方便多了…,0.7979,正面,1,2024-03-07
507,kuaishou,老龄化是社会发展的必然趋势。,0.4282,中性,17,2024-06-04
508,kuaishou,感觉老年人也要与时俱进，学会用智能手机,0.6738,正面,4,2024-04-04
509,kuaishou,社区没有老年活动场所，天天在家发呆,0.158,负面,16,2024-10-22
510,kuaishou,老年舞蹈队跳得真好看，充满活力🤔,0.668,正面,21,2024-07-02
511,kuaishou,老年人是社会的财富，应该多关心他们,0.7124,正面,1,2024-06-27
512,kuaishou,重庆的老龄化程度在全国处于什么水平,0.4548,中性,20,2024-11-05
513,kuaishou,感谢政府对老年人的关怀和照顾。,0.864,正面,4,2024-01-01
514,kuaishou,很多公园没有无障碍通道，轮椅过不去,0.1644,负面,5,2024-06-04
515,kuaishou,老年人也要与时俱进，学会用智能手机。,0.9222,正面,7,2024-11-22
516,kuaishou,非常老年公交卡真方便，出行无忧,0.7971,正面,27,2024-08-04
517,kuaishou,不知道未来养老政策会怎么调整。,0.3891,中性,1,2024-12-24
518,kuaishou,听说日本老龄化更严重，可以学习经验,0.4499,中性,4,2024-01-13
519,kuaishou,建议医院对老年人没有专门的照顾窗口,0.0511,负面,8,2024-04-23
520,kuaishou,简直感谢政府对老年人的关怀和照顾…,0.6004,正面,9,2024-01-17
521,kuaishou,老年志愿者真了不起，值得尊敬,0.67,正面,9,2024-04-21
522,kuaishou,医院对老年人没有专门的照顾窗口。,0.1795,负面,1,2024-06-25
523,kuaishou,特别子女都在外地打工，老人独居太可怜…,0.1177,负面,2,2024-02-02
524,kuaishou,小区新安装了老年健身器材，方便多了🤔,0.7778,正面,3,2024-01-13
525,kuaishou,有些直播带货卖假货给老人，没人管管吗…,0.1666,负面,13,2024-12-15
526,kuaishou,有点老年舞蹈队跳得真好看，充满活力👍,0.8282,正面,2,2024-05-23
527,kuaishou,听说日本老龄化更严重，可以学习经验！,0.4487,中性,2,2024-05-19
528,kuaishou,叫120等了40分钟才到，急救反应太慢了…,0.0105,负面,39,2024-03-11
529,kuaishou,尊老爱幼是传统美德，大家都要学习,0.8032,正面,1,2024-08-07
530,kuaishou,确实尊老爱幼是传统美德，大家都要学习😔,0.9095,正面,205,2024-09-09
531,kuaishou,不知道未来养老政策会怎么调整,0.4484,中性,8,2024-04-26
532,kuaishou,真的陪着父母去旅游，他们开心极了🙏,0.5881,正面,15,2024-01-21
533,kuaishou,有些叫120等了40分钟才到，急救反应太慢了👍,0.0777,负面,2,2024-07-17
534,kuaishou,太尊老爱幼是传统美德，大家都要学习…,0.9046,正面,1,2024-08-08
535,kuaishou,老龄化是社会发展的必然趋势😔,0.3345,中性,10,2024-06-25
536,kuaishou,感觉养老金年年涨，生活有保障💪,0.8943,正面,15,2024-10-25
537,kuaishou,老年人经验丰富，是年轻人的好老师,0.5686,正面,10,2024-07-22
538,kuaishou,实在不知道未来养老政策会怎么调整,0.3873,中性,1,2024-05-15
539,kuaishou,有点老年痴呆走失了警察也找不到,0.1232,负面,11,2024-02-26
540,kuaishou,去大医院排队排到心塞，老年人体力吃不消,0.1456,负面,11,2024-04-14
541,kuaishou,老年舞蹈队跳得真好看，充满活力,0.7932,正面,8,2024-06-17
542,kuaishou,特别老年公交卡真方便，出行无忧🙏,0.7455,正面,11,2024-02-14
543,kuaishou,老年产业应该是个新风口。,0.381,中性,16,2024-09-18
544,kuaishou,养老模式到底是居家好还是去养老院好😔,0.4207,中性,7,2024-03-23
545,kuaishou,特别老年志愿者真了不起，值得尊敬,0.5678,正面,1,2024-08-18
546,kuaishou,感觉老年人经验丰富，是年轻人的好老师😔,0.7935,正面,4,2024-03-26
547,kuaishou,确实老年公交卡真方便，出行无忧👍,0.6744,正面,1,2024-03-06
548,kuaishou,非常老年人是社会的财富，应该多关心他们👍,0.6211,正面,3,2024-03-21
549,kuaishou,非常尊老爱幼是传统美德，大家都要学习😔,0.5737,正面,3,2024-05-21
550,kuaishou,特别老年产业应该是个新风口🙏,0.4743,中性,1,2024-10-23
551,kuaishou,不知道未来养老政策会怎么调整,0.4707,中性,3,2024-01-21
552,kuaishou,老年人在家摔倒没人知道怎么办,0.188,负面,1,2024-03-05
553,kuaishou,陪着父母去旅游，他们开心极了,0.9221,正面,13,2024-04-12
554,kuaishou,老年舞蹈队跳得真好看，充满活力…,0.8537,正面,34,2024-06-02
555,kuaishou,老年生活也可以很精彩，活到老学到老,0.5512,正面,1,2024-06-23
556,kuaishou,感觉社区没有老年活动场所，天天在家发呆,0.0968,负面,38,2024-10-18
557,kuaishou,社区养老服务越来越好了，点赞🙏,0.8235,正面,5,2024-02-14
558,kuaishou,实在老年人经验丰富，是年轻人的好老师🙏,0.8961,正面,2,2024-12-17
559,kuaishou,建议老年舞蹈队跳得真好看，充满活力👍,0.5617,正面,1,2024-05-03
560,kuaishou,尊老爱幼是传统美德，大家都要学习,0.777,正面,5,2024-02-14
561,kuaishou,老年人是社会的财富，应该多关心他们。,0.6968,正面,13,2024-07-27
562,kuaishou,简直老年舞蹈队跳得真好看，充满活力💪,0.9008,正面,9,2024-07-05
563,kuaishou,非常老年舞蹈队跳得真好看，充满活力🙏,0.7075,正面,1,2024-05-25
564,kuaishou,老年人是社会的财富，应该多关心他们,0.7264,正面,1,2024-11-10
565,kuaishou,希望养老基金还够不够用啊🙏,0.375,中性,3,2024-07-06
566,kuaishou,确实陪着父母去旅游，他们开心极了,0.6176,正面,2,2024-05-05
567,kuaishou,老年人经验丰富，是年轻人的好老师💪,0.8162,正面,2,2024-06-21
568,kuaishou,尊老爱幼是传统美德，大家都要学习👍,0.5906,正面,2,2024-11-02
569,kuaishou,医院对老年人没有专门的照顾窗口💪,0.1906,负面,13,2024-10-14
570,kuaishou,延迟退休政策对老年人有什么影响🤔,0.5222,中性,28,2024-10-19
571,kuaishou,老年生活也可以很精彩，活到老学到老,0.7739,正面,3,2024-12-10
572,kuaishou,养老院条件太差了，费用还死贵。,0.1789,负面,23,2024-09-08
573,kuaishou,建议老年生活也可以很精彩，活到老学到老,0.9297,正面,3,2024-02-03
574,kuaishou,建议骗子专门盯着老年人骗，防不胜防！,0.1049,负面,4,2024-06-28
575,kuaishou,每个家庭都会面临养老问题！,0.5248,中性,2,2024-08-11
576,kuaishou,老年人也要与时俱进，学会用智能手机！,0.908,正面,7,2024-12-25
577,kuaishou,农村老人看病太难了，要走几十里路🙏,0.1937,负面,59,2024-08-28
578,kuaishou,老年公交卡真方便，出行无忧…,0.8413,正面,6,2024-02-14
579,kuaishou,特别养老院条件太差了，费用还死贵,0.025,负面,3,2024-09-23
580,kuaishou,老年公交卡真方便，出行无忧！,0.8855,正面,7,2024-09-03
581,kuaishou,特别老年人经验丰富，是年轻人的好老师🙏,0.7884,正面,1,2024-07-13
582,kuaishou,养老院条件太差了，费用还死贵,0.0314,负面,20,2024-08-28
583,kuaishou,感谢政府对老年人的关怀和照顾,0.8608,正面,5,2024-05-06
584,kuaishou,陪着父母去旅游，他们开心极了！,0.6644,正面,4,2024-11-18
585,kuaishou,老年公交卡真方便，出行无忧,0.613,正面,6,2024-05-25
586,kuaishou,感觉去大医院排队排到心塞，老年人体力吃不消…,0.1465,负面,7,2024-04-22
587,kuaishou,有些老年公交卡真方便，出行无忧🤔,0.8223,正面,1,2024-11-24
588,kuaishou,老年志愿者真了不起，值得尊敬,0.8788,正面,8,2024-02-03
589,kuaishou,人口结构变化会影响经济发展！,0.2777,中性,2,2024-06-06
590,kuaishou,社区食堂对老年人优惠，真的很贴心…,0.6617,正面,9,2024-09-26
591,kuaishou,陪着父母去旅游，他们开心极了😔,0.8221,正面,14,2024-01-04
592,kuaishou,尊老爱幼是传统美德，大家都要学习🤔,0.8979,正面,13,2024-01-23
593,kuaishou,不知道未来养老政策会怎么调整😔,0.3168,中性,5,2024-03-19
594,kuaishou,真的感谢政府对老年人的关怀和照顾,0.7127,正面,5,2024-05-02
595,kuaishou,子女都在外地打工，老人独居太可怜😔,0.1431,负面,1,2024-09-03
596,kuaishou,农村老人看病太难了，要走几十里路,0.0718,负面,12,2024-01-01
597,kuaishou,非常社区食堂对老年人优惠，真的很贴心,0.6213,正面,2,2024-06-15
598,kuaishou,感觉老年人是社会的财富，应该多关心他们💪,0.7917,正面,5,2024-02-25
599,kuaishou,老年产业应该是个新风口😔,0.4918,中性,2,2024-03-02
600,kuaishou,实在老年人经验丰富，是年轻人的好老师👍,0.799,正面,1,2024-07-06
601,kuaishou,不知道未来养老政策会怎么调整😔,0.4227,中性,7,2024-04-12
602,kuaishou,养老基金还够不够用啊🤔,0.3557,中性,1,2024-11-07
603,kuaishou,尊老爱幼是传统美德，大家都要学习😔,0.806,正面,10,2024-04-23
604,kuaishou,特别医院对老年人没有专门的照顾窗口😔,0.1255,负面,3,2024-12-23
605,kuaishou,听说日本老龄化更严重，可以学习经验,0.2888,中性,1,2024-09-12
606,kuaishou,社区养老服务越来越好了，点赞😔,0.913,正面,5,2024-01-17
607,kuaishou,有些小区新安装了老年健身器材，方便多了,0.8652,正面,1,2024-04-13
608,kuaishou,特别小区新安装了老年健身器材，方便多了🤔,0.5999,正面,2,2024-09-08
609,kuaishou,人口结构变化会影响经济发展…,0.4499,中性,9,2024-12-25
610,kuaishou,退休后参加老年大学，感觉生活充实多了。,0.8617,正面,1,2024-08-25
611,kuaishou,老年生活也可以很精彩，活到老学到老💪,0.9419,正面,15,2024-03-05
612,kuaishou,感觉骗子专门盯着老年人骗，防不胜防！,0.0132,负面,1,2024-05-05
613,kuaishou,社区食堂对老年人优惠，真的很贴心💪,0.8932,正面,2,2024-11-22
614,kuaishou,感觉感谢政府对老年人的关怀和照顾。,0.712,正面,10,2024-04-12
615,kuaishou,去大医院排队排到心塞，老年人体力吃不消💪,0.1683,负面,3,2024-08-28
616,kuaishou,太社区食堂对老年人优惠，真的很贴心🤔,0.5959,正面,1,2024-08-09
617,kuaishou,有些叫120等了40分钟才到，急救反应太慢了！,0.1023,负面,3,2024-02-21
618,kuaishou,太老年公交卡真方便，出行无忧,0.814,正面,2,2024-07-22
619,kuaishou,建议退休后参加老年大学，感觉生活充实多了😔,0.8156,正面,16,2024-11-12
620,kuaishou,老年人也要与时俱进，学会用智能手机。,0.6607,正面,3,2024-06-09
621,kuaishou,重庆的老龄化程度在全国处于什么水平💪,0.3605,中性,12,2024-05-03
622,kuaishou,非常老年公交卡真方便，出行无忧,0.8193,正面,21,2024-10-22
623,kuaishou,特别老年人经验丰富，是年轻人的好老师😔,0.787,正面,4,2024-09-16
624,kuaishou,实在叫120等了40分钟才到，急救反应太慢了,0.1007,负面,24,2024-05-06
625,kuaishou,子女都在外地打工，老人独居太可怜🤔,0.0128,负面,3,2024-08-04
626,kuaishou,简直重庆的老龄化程度在全国处于什么水平🙏,0.2949,中性,43,2024-04-25
627,kuaishou,医院对老年人没有专门的照顾窗口🤔,0.0867,负面,1,2024-08-13
628,kuaishou,太老年志愿者真了不起，值得尊敬😔,0.7398,正面,8,2024-08-08
629,kuaishou,不知道未来养老政策会怎么调整🤔,0.2896,中性,5,2024-01-15
630,kuaishou,老年产业应该是个新风口👍,0.4104,中性,3,2024-07-12
631,kuaishou,直播带货卖假货给老人，没人管管吗🙏,0.0495,负面,7,2024-12-23
632,kuaishou,养老金年年涨，生活有保障。,0.5867,正面,9,2024-05-07
633,kuaishou,子女都在外地打工，老人独居太可怜。,0.1478,负面,1,2024-03-08
634,kuaishou,真的尊老爱幼是传统美德，大家都要学习。,0.5984,正面,1,2024-08-26
635,kuaishou,退休后参加老年大学，感觉生活充实多了！,0.7752,正面,9,2024-08-01
636,kuaishou,老年人经验丰富，是年轻人的好老师！,0.9373,正面,8,2024-05-18
637,kuaishou,退休后参加老年大学，感觉生活充实多了！,0.779,正面,45,2024-02-14
638,kuaishou,感谢政府对老年人的关怀和照顾！,0.7207,正面,11,2024-06-02
639,kuaishou,简直感谢政府对老年人的关怀和照顾,0.6759,正面,36,2024-10-24
640,kuaishou,有点医院对老年人没有专门的照顾窗口😔,0.0911,负面,9,2024-02-04
641,kuaishou,真的老年人也要与时俱进，学会用智能手机💪,0.7021,正面,2,2024-06-19
642,kuaishou,有些不知道未来养老政策会怎么调整,0.3604,中性,1,2024-08-14
643,kuaishou,老年生活也可以很精彩，活到老学到老🙏,0.945,正面,12,2024-05-17
644,kuaishou,养老模式到底是居家好还是去养老院好…,0.5268,中性,7,2024-04-10
645,kuaishou,非常延迟退休政策对老年人有什么影响,0.4736,中性,1,2024-05-20
646,kuaishou,感觉老年公交卡真方便，出行无忧,0.7914,正面,3,2024-12-28
647,kuaishou,小区新安装了老年健身器材，方便多了！,0.664,正面,39,2024-07-09
648,kuaishou,社区食堂对老年人优惠，真的很贴心,0.8847,正面,5,2024-03-08
649,kuaishou,老年产业应该是个新风口😔,0.376,中性,4,2024-12-07
650,kuaishou,感觉尊老爱幼是传统美德，大家都要学习😔,0.5914,正面,4,2024-03-02
651,kuaishou,小区新安装了老年健身器材，方便多了！,0.8547,正面,2,2024-09-12
652,kuaishou,有点老年人也要与时俱进，学会用智能手机🙏,0.8637,正面,3,2024-03-28
653,kuaishou,太老年人是社会的财富，应该多关心他们！,0.5672,正面,3,2024-07-03
654,kuaishou,听说日本老龄化更严重，可以学习经验,0.42,中性,1,2024-12-28
655,kuaishou,老年舞蹈队跳得真好看，充满活力😔,0.5959,正面,11,2024-06-28
656,kuaishou,特别骗子专门盯着老年人骗，防不胜防🙏,0.1443,负面,4,2024-06-21
657,kuaishou,骗子专门盯着老年人骗，防不胜防,0.1886,负面,14,2024-10-20
658,kuaishou,老年人在家摔倒没人知道怎么办,0.1441,负面,16,2024-05-23
659,kuaishou,有些老年生活也可以很精彩，活到老学到老👍,0.5839,正面,2,2024-06-02
660,kuaishou,尊老爱幼是传统美德，大家都要学习🤔,0.6262,正面,8,2024-12-05
661,kuaishou,非常去大医院排队排到心塞，老年人体力吃不消…,0.0689,负面,4,2024-04-21
662,kuaishou,老年生活也可以很精彩，活到老学到老…,0.8153,正面,19,2024-09-24
663,kuaishou,希望老年产业应该是个新风口。,0.4994,中性,2,2024-12-23
664,kuaishou,退休后参加老年大学，感觉生活充实多了,0.7026,正面,8,2024-03-26
665,kuaishou,有点人口结构变化会影响经济发展！,0.3814,中性,6,2024-04-02
666,kuaishou,特别感谢政府对老年人的关怀和照顾,0.5734,正面,2,2024-03-06
667,kuaishou,感谢政府对老年人的关怀和照顾💪,0.6225,正面,1,2024-03-07
668,kuaishou,实在尊老爱幼是传统美德，大家都要学习,0.7994,正面,7,2024-03-11
669,kuaishou,社区养老服务越来越好了，点赞,0.6362,正面,10,2024-01-08
670,kuaishou,小区新安装了老年健身器材，方便多了,0.7264,正面,3,2024-11-14
671,kuaishou,陪着父母去旅游，他们开心极了,0.5543,正面,7,2024-08-20
672,kuaishou,养老模式到底是居家好还是去养老院好,0.3247,中性,3,2024-05-21
673,kuaishou,简直社区养老服务越来越好了，点赞💪,0.9266,正面,9,2024-10-18
674,kuaishou,建议养老院条件太差了，费用还死贵,0.0546,负面,2,2024-01-05
675,kuaishou,老年舞蹈队跳得真好看，充满活力,0.7826,正面,21,2024-02-15
676,kuaishou,特别子女都在外地打工，老人独居太可怜,0.1614,负面,2,2024-08-27
677,kuaishou,老年人在家摔倒没人知道怎么办💪,0.1355,负面,3,2024-02-27
678,kuaishou,确实人口结构变化会影响经济发展🙏,0.3463,中性,1,2024-10-28
679,kuaishou,叫120等了40分钟才到，急救反应太慢了,0.0834,负面,1,2024-09-28
680,kuaishou,有些社区食堂对老年人优惠，真的很贴心,0.7377,正面,5,2024-03-05
681,kuaishou,太养老基金还够不够用啊👍,0.4846,中性,2,2024-05-23
682,kuaishou,老年痴呆走失了警察也找不到😔,0.1505,负面,15,2024-04-21
683,kuaishou,老年舞蹈队跳得真好看，充满活力,0.9262,正面,1,2024-03-03
684,kuaishou,直播坑老人买保健品，太可恶了,0.1109,负面,3,2024-04-23
685,kuaishou,骗子专门盯着老年人骗，防不胜防🙏,0.089,负面,3,2024-01-22
686,kuaishou,老年人是社会的财富，应该多关心他们💪,0.8952,正面,1,2024-01-26
687,kuaishou,养老模式到底是居家好还是去养老院好🙏,0.2811,中性,1,2024-05-23
688,kuaishou,感谢政府对老年人的关怀和照顾,0.8441,正面,4,2024-08-04
689,kuaishou,非常老年公交卡真方便，出行无忧,0.7469,正面,5,2024-04-18
690,kuaishou,实在老年人是社会的财富，应该多关心他们,0.6943,正面,3,2024-07-06
691,kuaishou,延迟退休政策对老年人有什么影响,0.4273,中性,5,2024-04-24
692,kuaishou,非常听说日本老龄化更严重，可以学习经验😔,0.3107,中性,6,2024-01-10
693,kuaishou,有点养老金年年涨，生活有保障,0.919,正面,1,2024-03-01
694,kuaishou,每个家庭都会面临养老问题,0.4798,中性,4,2024-10-25
695,kuaishou,建议社区食堂对老年人优惠，真的很贴心,0.7293,正面,43,2024-07-14
696,kuaishou,简直老年公交卡真方便，出行无忧！,0.7891,正面,5,2024-03-15
697,kuaishou,老年舞蹈队跳得真好看，充满活力🙏,0.6182,正面,8,2024-03-01
698,kuaishou,感觉老年人经验丰富，是年轻人的好老师,0.6897,正面,3,2024-01-21
699,kuaishou,老年公交卡真方便，出行无忧,0.6131,正面,12,2024-02-11
700,kuaishou,希望尊老爱幼是传统美德，大家都要学习💪,0.7866,正面,11,2024-10-13
701,kuaishou,小区新安装了老年健身器材，方便多了🤔,0.8174,正面,5,2024-07-06
702,kuaishou,特别不知道未来养老政策会怎么调整🤔,0.2628,中性,55,2024-05-20
703,kuaishou,建议老年产业应该是个新风口,0.3519,中性,1,2024-04-21
704,kuaishou,养老金年年涨，生活有保障💪,0.7638,正面,1,2024-03-03
705,kuaishou,尊老爱幼是传统美德，大家都要学习,0.5877,正面,11,2024-06-24
706,kuaishou,老年公交卡真方便，出行无忧👍,0.9034,正面,13,2024-03-28
707,kuaishou,老年志愿者真了不起，值得尊敬,0.7498,正面,1,2024-02-25
708,kuaishou,非常退休后参加老年大学，感觉生活充实多了！,0.7725,正面,2,2024-03-27
709,kuaishou,老年人经验丰富，是年轻人的好老师😔,0.6211,正面,1,2024-08-21
710,kuaishou,感谢政府对老年人的关怀和照顾…,0.7583,正面,2,2024-11-13
711,kuaishou,养老金根本不够用，物价涨得太快,0.1523,负面,11,2024-10-14
712,kuaishou,社区食堂对老年人优惠，真的很贴心💪,0.6221,正面,5,2024-07-26
713,kuaishou,确实老年生活也可以很精彩，活到老学到老,0.6232,正面,3,2024-05-06
714,kuaishou,有点老年舞蹈队跳得真好看，充满活力👍,0.939,正面,3,2024-10-25
715,kuaishou,太陪着父母去旅游，他们开心极了🙏,0.796,正面,1,2024-10-20
716,kuaishou,建议老年志愿者真了不起，值得尊敬,0.5886,正面,2,2024-02-24
717,kuaishou,老年公交卡真方便，出行无忧💪,0.7228,正面,7,2024-12-24
718,kuaishou,老龄化是社会发展的必然趋势💪,0.2516,中性,53,2024-03-18
719,kuaishou,特别老年人经验丰富，是年轻人的好老师🤔,0.6254,正面,16,2024-01-11
720,kuaishou,建议老年公交卡真方便，出行无忧,0.7618,正面,1,2024-06-18
721,kuaishou,感觉买药太贵了，慢性病吃药一年花好几万🙏,0.164,负面,22,2024-01-02
722,kuaishou,老年人也要与时俱进，学会用智能手机…,0.7229,正面,12,2024-04-28
723,kuaishou,有些老年志愿者真了不起，值得尊敬🙏,0.9472,正面,12,2024-07-22
724,kuaishou,小区新安装了老年健身器材，方便多了👍,0.713,正面,4,2024-06-21
725,kuaishou,骗子专门盯着老年人骗，防不胜防…,0.1835,负面,3,2024-03-13
726,kuaishou,老年人经验丰富，是年轻人的好老师,0.7709,正面,2,2024-01-03
727,kuaishou,简直老年志愿者真了不起，值得尊敬💪,0.8664,正面,1,2024-10-05
728,kuaishou,实在老年产业应该是个新风口😔,0.4693,中性,2,2024-12-20
729,kuaishou,感谢政府对老年人的关怀和照顾💪,0.8333,正面,2,2024-01-13
730,kuaishou,社区养老服务越来越好了，点赞🤔,0.8103,正面,4,2024-12-12
731,kuaishou,老年公交卡真方便，出行无忧🤔,0.9237,正面,10,2024-05-08
732,kuaishou,人口结构变化会影响经济发展,0.432,中性,4,2024-08-17
733,kuaishou,养老金年年涨，生活有保障🤔,0.7176,正面,1,2024-04-18
734,kuaishou,小区新安装了老年健身器材，方便多了💪,0.6213,正面,39,2024-12-05
735,kuaishou,太老年人也要与时俱进，学会用智能手机,0.9313,正面,32,2024-10-28
736,kuaishou,社区养老服务越来越好了，点赞！,0.6053,正面,12,2024-10-17
737,kuaishou,老年生活也可以很精彩，活到老学到老🤔,0.7909,正面,98,2024-11-01
738,kuaishou,不知道未来养老政策会怎么调整😔,0.4238,中性,5,2024-05-21
739,kuaishou,养老金年年涨，生活有保障！,0.7148,正面,42,2024-02-25
740,kuaishou,老年人经验丰富，是年轻人的好老师👍,0.7438,正面,1,2024-10-15
741,kuaishou,感觉人口结构变化会影响经济发展🙏,0.3265,中性,3,2024-05-13
742,kuaishou,老年志愿者真了不起，值得尊敬👍,0.6274,正面,2,2024-05-04
743,kuaishou,退休后参加老年大学，感觉生活充实多了🤔,0.8856,正面,2,2024-06-07
744,kuaishou,太老年产业应该是个新风口！,0.4925,中性,1,2024-10-18
745,kuaishou,感谢政府对老年人的关怀和照顾🤔,0.554,正面,7,2024-11-17
746,kuaishou,真的农村老人看病太难了，要走几十里路,0.1933,负面,12,2024-07-05
747,kuaishou,老年人经验丰富，是年轻人的好老师,0.666,正面,6,2024-01-27
748,kuaishou,陪着父母去旅游，他们开心极了,0.6511,正面,1,2024-01-18
749,kuaishou,很多公园没有无障碍通道，轮椅过不去🤔,0.0178,负面,14,2024-09-18
750,kuaishou,人口结构变化会影响经济发展,0.3286,中性,7,2024-09-12
751,kuaishou,去大医院排队排到心塞，老年人体力吃不消😔,0.0128,负面,3,2024-06-01
752,kuaishou,老年人是社会的财富，应该多关心他们🤔,0.8219,正面,8,2024-07-04
753,kuaishou,老龄化是社会发展的必然趋势…,0.5233,中性,2,2024-05-04
754,kuaishou,听说日本老龄化更严重，可以学习经验🤔,0.4976,中性,3,2024-05-14
755,kuaishou,老年志愿者真了不起，值得尊敬,0.8545,正面,25,2024-11-04
756,kuaishou,确实老年公交卡真方便，出行无忧🤔,0.8071,正面,2,2024-04-14
757,kuaishou,非常直播坑老人买保健品，太可恶了！,0.019,负面,4,2024-05-05
758,kuaishou,退休后参加老年大学，感觉生活充实多了👍,0.8161,正面,21,2024-07-27
759,kuaishou,老年人是社会的财富，应该多关心他们,0.7011,正面,9,2024-02-11
760,kuaishou,太每个家庭都会面临养老问题,0.5117,中性,1,2024-03-28
761,kuaishou,希望老年人是社会的财富，应该多关心他们🤔,0.6827,正面,1,2024-11-10
762,kuaishou,延迟退休政策对老年人有什么影响…,0.3997,中性,1,2024-05-18
763,kuaishou,太养老模式到底是居家好还是去养老院好。,0.3617,中性,7,2024-03-04
764,kuaishou,感谢政府对老年人的关怀和照顾,0.5524,正面,4,2024-05-11
765,kuaishou,尊老爱幼是传统美德，大家都要学习🙏,0.8306,正面,1,2024-01-01
766,kuaishou,确实社区食堂对老年人优惠，真的很贴心💪,0.6239,正面,39,2024-08-08
767,kuaishou,人口结构变化会影响经济发展！,0.3984,中性,5,2024-09-21
768,kuaishou,老年产业应该是个新风口👍,0.3463,中性,2,2024-06-06
769,kuaishou,延迟退休政策对老年人有什么影响,0.3011,中性,5,2024-12-28
770,kuaishou,特别社区养老服务越来越好了，点赞🙏,0.941,正面,8,2024-02-15
771,kuaishou,老年公交卡真方便，出行无忧,0.5709,正面,1,2024-06-10
772,kuaishou,小区新安装了老年健身器材，方便多了。,0.6729,正面,2,2024-11-07
773,kuaishou,延迟退休政策对老年人有什么影响💪,0.3815,中性,13,2024-12-10
774,kuaishou,非常买药太贵了，慢性病吃药一年花好几万💪,0.0976,负面,4,2024-10-15
775,kuaishou,特别陪着父母去旅游，他们开心极了,0.9105,正面,5,2024-08-17
776,kuaishou,社区养老服务越来越好了，点赞,0.7619,正面,4,2024-12-07
777,kuaishou,骗子专门盯着老年人骗，防不胜防…,0.1845,负面,1,2024-01-17
778,kuaishou,老年公交卡真方便，出行无忧,0.62,正面,1,2024-06-26
779,kuaishou,有些小区新安装了老年健身器材，方便多了…,0.6285,正面,4,2024-03-11
780,kuaishou,特别社区养老服务越来越好了，点赞🤔,0.7281,正面,2,2024-04-11
781,kuaishou,有些老年舞蹈队跳得真好看，充满活力🙏,0.8637,正面,1,2024-02-12
782,kuaishou,听说日本老龄化更严重，可以学习经验😔,0.3378,中性,16,2024-02-24
783,kuaishou,老年人经验丰富，是年轻人的好老师…,0.9234,正面,63,2024-10-03
784,kuaishou,陪着父母去旅游，他们开心极了🙏,0.7084,正面,12,2024-05-13
785,kuaishou,老年公交卡真方便，出行无忧🙏,0.6866,正面,17,2024-10-26
786,kuaishou,重庆的老龄化程度在全国处于什么水平。,0.2645,中性,2,2024-08-08
787,kuaishou,老年生活也可以很精彩，活到老学到老。,0.8831,正面,41,2024-03-04
788,kuaishou,非常老年人经验丰富，是年轻人的好老师,0.8154,正面,2,2024-11-10
789,kuaishou,希望老年志愿者真了不起，值得尊敬🙏,0.8606,正面,36,2024-12-15
790,kuaishou,有点老年志愿者真了不起，值得尊敬。,0.9143,正面,129,2024-11-23
791,kuaishou,不知道未来养老政策会怎么调整🙏,0.5336,中性,9,2024-01-06
792,kuaishou,老年人也要与时俱进，学会用智能手机🙏,0.7835,正面,63,2024-11-22
793,kuaishou,感觉老年人在家摔倒没人知道怎么办😔,0.1105,负面,6,2024-02-15
794,kuaishou,非常很多公园没有无障碍通道，轮椅过不去。,0.1203,负面,2,2024-02-26
795,kuaishou,听说日本老龄化更严重，可以学习经验,0.3776,中性,4,2024-09-13
796,kuaishou,有些老年人也要与时俱进，学会用智能手机👍,0.6371,正面,6,2024-06-25
797,kuaishou,直播坑老人买保健品，太可恶了🙏,0.1573,负面,1,2024-08-27
798,kuaishou,真的老年公交卡真方便，出行无忧💪,0.6846,正面,7,2024-10-22
799,kuaishou,特别社区没有老年活动场所，天天在家发呆,0.0989,负面,63,2024-09-28
800,kuaishou,医院对老年人没有专门的照顾窗口。,0.0495,负面,2,2024-02-21
801,kuaishou,老年产业应该是个新风口😔,0.4753,中性,12,2024-12-01
802,kuaishou,社区食堂对老年人优惠，真的很贴心,0.7078,正面,23,2024-02-19
803,kuaishou,重庆的老龄化程度在全国处于什么水平👍,0.2531,中性,33,2024-03-28
804,kuaishou,简直社区食堂对老年人优惠，真的很贴心💪,0.8965,正面,41,2024-07-02
805,kuaishou,养老模式到底是居家好还是去养老院好👍,0.4979,中性,5,2024-12-04
806,kuaishou,建议老年人是社会的财富，应该多关心他们😔,0.9017,正面,57,2024-04-13
807,kuaishou,直播带货卖假货给老人，没人管管吗😔,0.1425,负面,11,2024-04-13
808,kuaishou,小区新安装了老年健身器材，方便多了👍,0.5815,正面,1,2024-12-20
809,kuaishou,老年生活也可以很精彩，活到老学到老,0.6913,正面,4,2024-12-01
810,kuaishou,陪着父母去旅游，他们开心极了…,0.9406,正面,9,2024-02-12
811,kuaishou,太老年生活也可以很精彩，活到老学到老…,0.5844,正面,2,2024-04-19
812,kuaishou,感谢政府对老年人的关怀和照顾,0.6887,正面,7,2024-07-10
813,kuaishou,社区食堂对老年人优惠，真的很贴心👍,0.7954,正面,8,2024-04-16
814,kuaishou,老年人是社会的财富，应该多关心他们…,0.8921,正面,1,2024-11-13
815,kuaishou,确实老年公交卡真方便，出行无忧…,0.6497,正面,6,2024-05-09
816,kuaishou,确实子女都在外地打工，老人独居太可怜🙏,0.0883,负面,11,2024-12-15
817,kuaishou,听说日本老龄化更严重，可以学习经验🤔,0.3504,中性,5,2024-05-14
818,kuaishou,希望感谢政府对老年人的关怀和照顾👍,0.9353,正面,1,2024-09-01
819,kuaishou,太老年生活也可以很精彩，活到老学到老,0.5533,正面,1,2024-07-05
820,kuaishou,退休后参加老年大学，感觉生活充实多了👍,0.8206,正面,3,2024-10-08
821,kuaishou,老龄化是社会发展的必然趋势,0.4226,中性,27,2024-07-16
822,kuaishou,老年舞蹈队跳得真好看，充满活力🙏,0.8942,正面,2,2024-11-23
823,kuaishou,尊老爱幼是传统美德，大家都要学习！,0.7523,正面,7,2024-10-17
824,kuaishou,建议养老模式到底是居家好还是去养老院好,0.4763,中性,2,2024-06-18
825,kuaishou,简直小区新安装了老年健身器材，方便多了,0.5993,正面,3,2024-11-14
826,kuaishou,每个家庭都会面临养老问题💪,0.5017,中性,16,2024-01-07
827,kuaishou,医院对老年人没有专门的照顾窗口,0.1057,负面,10,2024-09-16
828,kuaishou,有些小区新安装了老年健身器材，方便多了,0.8108,正面,1,2024-12-08
829,kuaishou,非常老年舞蹈队跳得真好看，充满活力,0.74,正面,4,2024-04-23
830,kuaishou,养老基金还够不够用啊。,0.5239,中性,1,2024-04-17
831,kuaishou,特别养老院条件太差了，费用还死贵！,0.1135,负面,4,2024-03-02
832,kuaishou,陪着父母去旅游，他们开心极了,0.6182,正面,8,2024-10-02
833,kuaishou,尊老爱幼是传统美德，大家都要学习,0.5529,正面,1,2024-01-02
834,kuaishou,非常延迟退休政策对老年人有什么影响。,0.2799,中性,2,2024-04-27
835,kuaishou,希望小区新安装了老年健身器材，方便多了,0.8358,正面,3,2024-03-25
836,kuaishou,小区新安装了老年健身器材，方便多了👍,0.5613,正面,26,2024-08-05
837,kuaishou,买药太贵了，慢性病吃药一年花好几万,0.1873,负面,112,2024-03-12
838,kuaishou,非常买药太贵了，慢性病吃药一年花好几万,0.0667,负面,1,2024-05-27
839,kuaishou,社区养老服务越来越好了，点赞,0.5932,正面,11,2024-01-07
840,kuaishou,真的老年人经验丰富，是年轻人的好老师😔,0.5897,正面,3,2024-01-05
841,kuaishou,社区食堂对老年人优惠，真的很贴心,0.6179,正面,3,2024-01-02
842,kuaishou,听说日本老龄化更严重，可以学习经验💪,0.3673,中性,11,2024-03-03
843,kuaishou,有点老年志愿者真了不起，值得尊敬😔,0.7834,正面,26,2024-10-11
844,kuaishou,感觉小区新安装了老年健身器材，方便多了,0.6474,正面,36,2024-01-26
845,kuaishou,小区新安装了老年健身器材，方便多了,0.5858,正面,6,2024-11-15
846,kuaishou,社区养老服务越来越好了，点赞🙏,0.6317,正面,3,2024-01-24
847,kuaishou,确实子女都在外地打工，老人独居太可怜,0.0841,负面,12,2024-05-11
848,kuaishou,实在重庆的老龄化程度在全国处于什么水平👍,0.5496,中性,2,2024-02-16
849,kuaishou,实在退休后参加老年大学，感觉生活充实多了,0.648,正面,6,2024-05-10
850,kuaishou,实在尊老爱幼是传统美德，大家都要学习。,0.5871,正面,3,2024-03-07
851,kuaishou,不知道未来养老政策会怎么调整🤔,0.5363,中性,8,2024-12-01
852,kuaishou,陪着父母去旅游，他们开心极了,0.7284,正面,2,2024-07-20
853,kuaishou,尊老爱幼是传统美德，大家都要学习。,0.7183,正面,2,2024-02-08
854,kuaishou,社区养老服务越来越好了，点赞！,0.8106,正面,25,2024-12-18
855,kuaishou,子女都在外地打工，老人独居太可怜💪,0.0354,负面,1,2024-06-19
856,kuaishou,希望老年人是社会的财富，应该多关心他们,0.6026,正面,5,2024-06-18
857,kuaishou,老年人经验丰富，是年轻人的好老师💪,0.7662,正面,2,2024-05-24
858,kuaishou,老年志愿者真了不起，值得尊敬👍,0.7212,正面,1,2024-11-14
859,kuaishou,老年人经验丰富，是年轻人的好老师👍,0.9497,正面,1,2024-09-09
860,kuaishou,希望老年人是社会的财富，应该多关心他们👍,0.7545,正面,2,2024-02-19
861,kuaishou,小区新安装了老年健身器材，方便多了,0.6666,正面,18,2024-02-14
862,kuaishou,老年人经验丰富，是年轻人的好老师👍,0.7785,正面,2,2024-04-13
863,kuaishou,有些很多公园没有无障碍通道，轮椅过不去！,0.0719,负面,35,2024-09-14
864,kuaishou,感觉老年人是社会的财富，应该多关心他们👍,0.7517,正面,6,2024-07-11
865,kuaishou,确实尊老爱幼是传统美德，大家都要学习,0.8358,正面,4,2024-04-24
866,kuaishou,特别不知道未来养老政策会怎么调整,0.5099,中性,6,2024-04-25
867,kuaishou,老年人是社会的财富，应该多关心他们,0.5573,正面,5,2024-05-24
868,kuaishou,有些养老金年年涨，生活有保障👍,0.5945,正面,11,2024-10-25
869,kuaishou,感觉社区养老服务越来越好了，点赞,0.7125,正面,2,2024-07-19
870,kuaishou,有点养老院条件太差了，费用还死贵💪,0.1402,负面,3,2024-10-22
871,kuaishou,建议养老基金还够不够用啊。,0.2634,中性,21,2024-05-18
872,kuaishou,买药太贵了，慢性病吃药一年花好几万！,0.1829,负面,34,2024-07-08
873,kuaishou,老年公交卡真方便，出行无忧🙏,0.7887,正面,21,2024-09-09
874,kuaishou,社区养老服务越来越好了，点赞,0.9061,正面,4,2024-08-03
875,kuaishou,社区养老服务越来越好了，点赞👍,0.6773,正面,12,2024-11-12
876,kuaishou,尊老爱幼是传统美德，大家都要学习！,0.8537,正面,4,2024-03-01
877,kuaishou,简直老龄化是社会发展的必然趋势！,0.2705,中性,5,2024-07-14
878,kuaishou,老年人经验丰富，是年轻人的好老师！,0.9274,正面,2,2024-05-19
879,kuaishou,养老金根本不够用，物价涨得太快,0.0939,负面,6,2024-01-18
880,kuaishou,社区食堂对老年人优惠，真的很贴心💪,0.8384,正面,2,2024-09-03
881,kuaishou,子女都在外地打工，老人独居太可怜！,0.0523,负面,3,2024-01-05
882,kuaishou,老年志愿者真了不起，值得尊敬😔,0.6887,正面,17,2024-05-23
883,kuaishou,社区没有老年活动场所，天天在家发呆🤔,0.0532,负面,2,2024-04-14
884,kuaishou,老年公交卡真方便，出行无忧,0.6389,正面,1,2024-01-10
885,kuaishou,社区养老服务越来越好了，点赞,0.947,正面,1,2024-09-23
886,kuaishou,社区养老服务越来越好了，点赞🤔,0.8246,正面,32,2024-03-26
887,kuaishou,老年人是社会的财富，应该多关心他们…,0.6647,正面,5,2024-02-02
888,kuaishou,太尊老爱幼是传统美德，大家都要学习,0.6376,正面,4,2024-01-03
889,kuaishou,确实老年志愿者真了不起，值得尊敬💪,0.6073,正面,13,2024-12-06
890,kuaishou,养老院条件太差了，费用还死贵🤔,0.1179,负面,15,2024-07-03
891,kuaishou,有些老年人是社会的财富，应该多关心他们💪,0.8119,正面,3,2024-06-01
892,kuaishou,建议每个家庭都会面临养老问题！,0.4754,中性,9,2024-05-13
893,kuaishou,老年人在家摔倒没人知道怎么办😔,0.1345,负面,11,2024-07-08
894,kuaishou,简直老年人是社会的财富，应该多关心他们,0.5928,正面,8,2024-06-16
895,kuaishou,简直老年人在家摔倒没人知道怎么办。,0.1034,负面,1,2024-09-14
896,kuaishou,特别老年人经验丰富，是年轻人的好老师,0.7639,正面,19,2024-12-22
897,kuaishou,真的子女都在外地打工，老人独居太可怜👍,0.191,负面,5,2024-07-28
898,kuaishou,每个家庭都会面临养老问题…,0.5305,中性,2,2024-03-28
899,kuaishou,社区养老服务越来越好了，点赞😔,0.9326,正面,4,2024-07-28
900,kuaishou,陪着父母去旅游，他们开心极了😔,0.6578,正面,1,2024-08-27
901,kuaishou,真的养老基金还够不够用啊,0.268,中性,1,2024-07-04
902,kuaishou,小区新安装了老年健身器材，方便多了,0.9474,正面,11,2024-04-11
903,kuaishou,老年人在家摔倒没人知道怎么办💪,0.0202,负面,1,2024-07-18
904,kuaishou,养老院条件太差了，费用还死贵…,0.0265,负面,4,2024-05-20
905,kuaishou,太退休后参加老年大学，感觉生活充实多了🤔,0.7799,正面,5,2024-12-09
906,kuaishou,建议重庆的老龄化程度在全国处于什么水平🙏,0.4799,中性,1,2024-08-25
907,kuaishou,社区养老服务越来越好了，点赞,0.7625,正面,51,2024-11-14
908,kuaishou,感谢政府对老年人的关怀和照顾👍,0.8209,正面,2,2024-09-26
909,kuaishou,老年产业应该是个新风口…,0.405,中性,2,2024-09-01
910,kuaishou,确实陪着父母去旅游，他们开心极了,0.8597,正面,2,2024-01-06
911,kuaishou,建议老年公交卡真方便，出行无忧！,0.6984,正面,2,2024-02-26
912,kuaishou,老年人是社会的财富，应该多关心他们！,0.5974,正面,1,2024-10-24
913,kuaishou,建议老年生活也可以很精彩，活到老学到老🤔,0.7487,正面,10,2024-09-13
914,kuaishou,去大医院排队排到心塞，老年人体力吃不消,0.041,负面,45,2024-02-20
915,kuaishou,养老金年年涨，生活有保障,0.7992,正面,2,2024-02-03
916,kuaishou,老年人是社会的财富，应该多关心他们😔,0.6339,正面,8,2024-02-08
917,kuaishou,人口结构变化会影响经济发展😔,0.4743,中性,10,2024-11-18
918,kuaishou,老年人也要与时俱进，学会用智能手机…,0.592,正面,16,2024-03-25
919,kuaishou,养老基金还够不够用啊💪,0.5433,中性,4,2024-09-09
920,kuaishou,延迟退休政策对老年人有什么影响👍,0.5036,中性,2,2024-06-28
921,kuaishou,有点子女都在外地打工，老人独居太可怜。,0.0329,负面,3,2024-04-11
922,kuaishou,有些老龄化是社会发展的必然趋势🤔,0.3918,中性,9,2024-08-17
923,kuaishou,老年舞蹈队跳得真好看，充满活力💪,0.7372,正面,14,2024-04-15
924,kuaishou,直播坑老人买保健品，太可恶了👍,0.0911,负面,2,2024-02-25
925,kuaishou,感觉养老院条件太差了，费用还死贵🙏,0.0347,负面,3,2024-11-13
926,kuaishou,特别老年舞蹈队跳得真好看，充满活力,0.5982,正面,22,2024-01-15
927,kuaishou,非常社区养老服务越来越好了，点赞👍,0.9099,正面,13,2024-01-22
928,kuaishou,人口结构变化会影响经济发展,0.5101,中性,72,2024-03-21
929,kuaishou,延迟退休政策对老年人有什么影响,0.3082,中性,11,2024-07-06
930,kuaishou,太直播坑老人买保健品，太可恶了🙏,0.0842,负面,3,2024-11-25
931,kuaishou,有点陪着父母去旅游，他们开心极了,0.7324,正面,6,2024-07-26
932,kuaishou,养老模式到底是居家好还是去养老院好,0.2699,中性,8,2024-04-19
933,kuaishou,确实不知道未来养老政策会怎么调整…,0.2768,中性,1,2024-05-27
934,kuaishou,简直老年人是社会的财富，应该多关心他们。,0.7421,正面,5,2024-01-27
935,kuaishou,建议养老院条件太差了，费用还死贵💪,0.0636,负面,9,2024-02-20
936,kuaishou,确实退休后参加老年大学，感觉生活充实多了,0.7667,正面,1,2024-01-01
937,kuaishou,老年痴呆走失了警察也找不到,0.0908,负面,12,2024-01-11
938,kuaishou,有点社区养老服务越来越好了，点赞💪,0.6973,正面,6,2024-06-25
939,kuaishou,希望每个家庭都会面临养老问题🙏,0.4639,中性,36,2024-06-08
940,kuaishou,确实社区养老服务越来越好了，点赞！,0.5513,正面,1,2024-08-14
941,kuaishou,不知道未来养老政策会怎么调整🙏,0.3972,中性,2,2024-07-28
942,kuaishou,确实老年生活也可以很精彩，活到老学到老,0.7707,正面,6,2024-09-25
943,kuaishou,直播带货卖假货给老人，没人管管吗,0.1036,负面,2,2024-04-19
944,kuaishou,非常人口结构变化会影响经济发展,0.402,中性,9,2024-07-28
945,kuaishou,太养老基金还够不够用啊,0.3886,中性,11,2024-03-10
946,kuaishou,非常老年人也要与时俱进，学会用智能手机…,0.887,正面,1,2024-08-15
947,kuaishou,简直社区养老服务越来越好了，点赞,0.7266,正面,5,2024-09-15
948,kuaishou,老年舞蹈队跳得真好看，充满活力👍,0.6554,正面,5,2024-11-25
949,kuaishou,特别老年人也要与时俱进，学会用智能手机！,0.5745,正面,3,2024-04-17
950,kuaishou,非常人口结构变化会影响经济发展👍,0.339,中性,29,2024-06-23
951,kuaishou,每个家庭都会面临养老问题。,0.2649,中性,15,2024-05-25
952,kuaishou,每个家庭都会面临养老问题,0.5444,中性,9,2024-09-17
953,kuaishou,真的社区没有老年活动场所，天天在家发呆😔,0.0892,负面,9,2024-11-13
954,kuaishou,社区养老服务越来越好了，点赞。,0.8939,正面,4,2024-04-24
955,kuaishou,老年人也要与时俱进，学会用智能手机,0.6053,正面,26,2024-09-14
956,kuaishou,每个家庭都会面临养老问题！,0.5188,中性,9,2024-09-17
957,kuaishou,听说日本老龄化更严重，可以学习经验。,0.3029,中性,10,2024-04-09
958,kuaishou,老年人是社会的财富，应该多关心他们🙏,0.8249,正面,17,2024-03-16
959,kuaishou,老年人也要与时俱进，学会用智能手机🙏,0.5835,正面,2,2024-08-14
960,kuaishou,养老模式到底是居家好还是去养老院好。,0.3076,中性,13,2024-07-15
961,kuaishou,老年产业应该是个新风口💪,0.4286,中性,2,2024-06-12
962,kuaishou,陪着父母去旅游，他们开心极了,0.5808,正面,3,2024-04-27
963,kuaishou,尊老爱幼是传统美德，大家都要学习💪,0.7407,正面,3,2024-03-15
964,kuaishou,老年人也要与时俱进，学会用智能手机,0.6204,正面,59,2024-08-04
965,kuaishou,人口结构变化会影响经济发展😔,0.499,中性,17,2024-07-20
966,kuaishou,非常直播坑老人买保健品，太可恶了,0.0904,负面,9,2024-10-18
967,kuaishou,退休后参加老年大学，感觉生活充实多了👍,0.8849,正面,10,2024-04-02
968,kuaishou,社区养老服务越来越好了，点赞,0.8842,正面,6,2024-04-19
969,kuaishou,老年公交卡真方便，出行无忧🙏,0.6221,正面,34,2024-09-01
970,kuaishou,直播带货卖假货给老人，没人管管吗！,0.0606,负面,5,2024-08-27
971,kuaishou,有点老年志愿者真了不起，值得尊敬,0.5601,正面,3,2024-04-26
972,kuaishou,老年生活也可以很精彩，活到老学到老。,0.7283,正面,1,2024-11-01
973,kuaishou,老年生活也可以很精彩，活到老学到老😔,0.6335,正面,12,2024-03-09
974,kuaishou,老年生活也可以很精彩，活到老学到老😔,0.8911,正面,10,2024-03-19
975,kuaishou,每个家庭都会面临养老问题,0.5437,中性,3,2024-09-08
976,kuaishou,特别养老模式到底是居家好还是去养老院好🙏,0.328,中性,1,2024-12-20
977,kuaishou,养老金年年涨，生活有保障,0.6376,正面,15,2024-08-23
978,kuaishou,社区没有老年活动场所，天天在家发呆,0.0442,负面,1,2024-10-04
979,kuaishou,社区食堂对老年人优惠，真的很贴心🙏,0.5691,正面,9,2024-07-02
980,kuaishou,特别老年痴呆走失了警察也找不到,0.0898,负面,48,2024-08-28
981,kuaishou,有点退休后参加老年大学，感觉生活充实多了！,0.6924,正面,4,2024-10-24
982,kuaishou,老年人也要与时俱进，学会用智能手机…,0.5502,正面,2,2024-05-27
983,kuaishou,小区新安装了老年健身器材，方便多了,0.9475,正面,9,2024-03-02
984,kuaishou,重庆的老龄化程度在全国处于什么水平,0.4195,中性,14,2024-10-02
985,kuaishou,社区养老服务越来越好了，点赞！,0.9116,正面,5,2024-04-20
986,kuaishou,简直老年志愿者真了不起，值得尊敬,0.779,正面,46,2024-03-12
987,kuaishou,特别尊老爱幼是传统美德，大家都要学习,0.5526,正面,1,2024-01-05
988,kuaishou,很多公园没有无障碍通道，轮椅过不去,0.073,负面,5,2024-02-20
989,kuaishou,老年人在家摔倒没人知道怎么办,0.0724,负面,9,2024-04-28
990,kuaishou,简直老年产业应该是个新风口🙏,0.4926,中性,17,2024-04-25
991,kuaishou,实在尊老爱幼是传统美德，大家都要学习🙏,0.6678,正面,2,2024-07-05
992,kuaishou,叫120等了40分钟才到，急救反应太慢了👍,0.0759,负面,13,2024-11-08
993,kuaishou,实在老年舞蹈队跳得真好看，充满活力🙏,0.6578,正面,5,2024-01-15
994,kuaishou,每个家庭都会面临养老问题🙏,0.3439,中性,3,2024-10-05
995,kuaishou,老年生活也可以很精彩，活到老学到老,0.9368,正面,1,2024-08-15
996,kuaishou,延迟退休政策对老年人有什么影响…,0.298,中性,18,2024-03-20
997,kuaishou,养老基金还够不够用啊🙏,0.3109,中性,1,2024-02-19
998,kuaishou,有点小区新安装了老年健身器材，方便多了。,0.5804,正面,3,2024-04-24
999,kuaishou,特别老年人经验丰富，是年轻人的好老师,0.892,正面,2,2024-11-28
1000,kuaishou,真的社区养老服务越来越好了，点赞🙏,0.9089,正面,18,2024-07-04
1001,kuaishou,去大医院排队排到心塞，老年人体力吃不消,0.015,负面,8,2024-11-24
1002,kuaishou,建议尊老爱幼是传统美德，大家都要学习,0.6582,正面,13,2024-02-12
1003,kuaishou,简直农村老人看病太难了，要走几十里路💪,0.0119,负面,2,2024-03-04
1004,kuaishou,社区食堂对老年人优惠，真的很贴心😔,0.8865,正面,7,2024-08-19
1005,kuaishou,延迟退休政策对老年人有什么影响。,0.3898,中性,6,2024-12-24
1006,kuaishou,养老院条件太差了，费用还死贵,0.1944,负面,15,2024-12-27
1007,kuaishou,养老模式到底是居家好还是去养老院好,0.4601,中性,23,2024-10-06
1008,kuaishou,有点老年志愿者真了不起，值得尊敬🤔,0.7432,正面,1,2024-07-27
1009,kuaishou,感觉直播带货卖假货给老人，没人管管吗👍,0.0546,负面,8,2024-07-12
1010,kuaishou,有点养老金年年涨，生活有保障💪,0.9271,正面,1,2024-09-22
1011,kuaishou,老年人在家摔倒没人知道怎么办🤔,0.0209,负面,5,2024-09-26
1012,kuaishou,老年产业应该是个新风口,0.3076,中性,2,2024-06-23
1013,kuaishou,人口结构变化会影响经济发展,0.2905,中性,3,2024-12-17
1014,kuaishou,尊老爱幼是传统美德，大家都要学习。,0.8134,正面,3,2024-05-07
1015,kuaishou,有些重庆的老龄化程度在全国处于什么水平,0.4857,中性,7,2024-03-06
1016,kuaishou,希望社区养老服务越来越好了，点赞🤔,0.7633,正面,3,2024-07-06
1017,kuaishou,老年志愿者真了不起，值得尊敬！,0.7145,正面,10,2024-03-21
1018,kuaishou,非常尊老爱幼是传统美德，大家都要学习,0.8672,正面,3,2024-05-19
1019,kuaishou,老龄化是社会发展的必然趋势…,0.4316,中性,1,2024-03-27
1020,kuaishou,特别老年人经验丰富，是年轻人的好老师,0.7094,正面,12,2024-10-12
1021,kuaishou,真的社区养老服务越来越好了，点赞,0.7409,正面,2,2024-12-08
1022,kuaishou,特别老年舞蹈队跳得真好看，充满活力,0.5838,正面,4,2024-09-20
1023,kuaishou,感觉退休后参加老年大学，感觉生活充实多了,0.8845,正面,8,2024-07-28
1024,kuaishou,每个家庭都会面临养老问题,0.5395,中性,3,2024-08-16
1025,kuaishou,退休后参加老年大学，感觉生活充实多了💪,0.7101,正面,1,2024-07-27
1026,kuaishou,简直老年人经验丰富，是年轻人的好老师💪,0.8981,正面,3,2024-09-23
1027,kuaishou,养老金年年涨，生活有保障,0.6802,正面,33,2024-05-14
1028,kuaishou,老年人经验丰富，是年轻人的好老师🤔,0.8136,正面,7,2024-02-07
1029,kuaishou,重庆的老龄化程度在全国处于什么水平🙏,0.2537,中性,8,2024-05-10
1030,kuaishou,确实老年人在家摔倒没人知道怎么办…,0.0361,负面,7,2024-06-09
1031,kuaishou,有点老年人也要与时俱进，学会用智能手机🤔,0.6287,正面,2,2024-07-17
1032,kuaishou,老年人经验丰富，是年轻人的好老师…,0.9077,正面,4,2024-12-07
1033,kuaishou,非常不知道未来养老政策会怎么调整…,0.4371,中性,11,2024-02-16
1034,kuaishou,直播坑老人买保健品，太可恶了,0.1072,负面,1,2024-08-20
1035,kuaishou,老年人也要与时俱进，学会用智能手机！,0.6231,正面,2,2024-09-08
1036,kuaishou,老年舞蹈队跳得真好看，充满活力,0.6569,正面,2,2024-04-09
1037,kuaishou,感谢政府对老年人的关怀和照顾…,0.8685,正面,4,2024-10-09
1038,kuaishou,老年人是社会的财富，应该多关心他们👍,0.6162,正面,62,2024-06-24
1039,kuaishou,老年舞蹈队跳得真好看，充满活力,0.6047,正面,1,2024-05-23
1040,kuaishou,老年志愿者真了不起，值得尊敬,0.7235,正面,5,2024-11-01
1041,kuaishou,特别听说日本老龄化更严重，可以学习经验😔,0.4003,中性,2,2024-12-09
1042,kuaishou,感觉老年人也要与时俱进，学会用智能手机🙏,0.6614,正面,49,2024-01-27
1043,kuaishou,希望听说日本老龄化更严重，可以学习经验…,0.3931,中性,1,2024-01-10
1044,kuaishou,简直子女都在外地打工，老人独居太可怜😔,0.088,负面,3,2024-09-17
1045,kuaishou,小区新安装了老年健身器材，方便多了,0.5705,正面,10,2024-09-25
1046,kuaishou,买药太贵了，慢性病吃药一年花好几万…,0.0768,负面,9,2024-08-05
1047,kuaishou,每个家庭都会面临养老问题,0.416,中性,4,2024-06-22
1048,kuaishou,直播坑老人买保健品，太可恶了💪,0.1087,负面,3,2024-10-19
1049,kuaishou,养老院条件太差了，费用还死贵,0.096,负面,3,2024-10-27
1050,kuaishou,有点老年志愿者真了不起，值得尊敬🤔,0.6732,正面,2,2024-09-13
1051,kuaishou,老年生活也可以很精彩，活到老学到老…,0.6953,正面,2,2024-01-11
1052,kuaishou,老年生活也可以很精彩，活到老学到老🙏,0.7277,正面,4,2024-09-08
1053,kuaishou,小区新安装了老年健身器材，方便多了,0.8078,正面,2,2024-07-16
1054,kuaishou,太尊老爱幼是传统美德，大家都要学习😔,0.6232,正面,2,2024-10-21
1055,kuaishou,养老基金还够不够用啊👍,0.2548,中性,8,2024-11-17
1056,kuaishou,老年志愿者真了不起，值得尊敬,0.854,正面,47,2024-07-16
1057,kuaishou,老年生活也可以很精彩，活到老学到老💪,0.6719,正面,6,2024-09-23
1058,kuaishou,希望叫120等了40分钟才到，急救反应太慢了。,0.151,负面,1,2024-01-28
1059,kuaishou,尊老爱幼是传统美德，大家都要学习,0.8814,正面,1,2024-05-21
1060,kuaishou,重庆的老龄化程度在全国处于什么水平💪,0.4135,中性,36,2024-08-01
1061,kuaishou,尊老爱幼是传统美德，大家都要学习…,0.8856,正面,2,2024-03-19
1062,kuaishou,有些老年舞蹈队跳得真好看，充满活力🙏,0.7821,正面,1,2024-02-22
1063,kuaishou,老年志愿者真了不起，值得尊敬,0.6116,正面,6,2024-04-15
1064,kuaishou,老年公交卡真方便，出行无忧！,0.9188,正面,7,2024-10-09
1065,kuaishou,建议退休后参加老年大学，感觉生活充实多了🙏,0.6131,正面,7,2024-09-22
1066,kuaishou,特别直播坑老人买保健品，太可恶了！,0.1382,负面,2,2024-11-21
1067,kuaishou,感谢政府对老年人的关怀和照顾…,0.86,正面,1,2024-08-01
1068,kuaishou,重庆的老龄化程度在全国处于什么水平😔,0.4351,中性,44,2024-04-01
1069,kuaishou,养老金年年涨，生活有保障！,0.7622,正面,2,2024-04-18
1070,kuaishou,听说日本老龄化更严重，可以学习经验💪,0.4935,中性,8,2024-11-27
1071,kuaishou,老年志愿者真了不起，值得尊敬,0.5947,正面,9,2024-07-21
1072,kuaishou,老年人在家摔倒没人知道怎么办。,0.136,负面,7,2024-11-17
1073,kuaishou,社区食堂对老年人优惠，真的很贴心🙏,0.8904,正面,3,2024-12-22
1074,kuaishou,简直子女都在外地打工，老人独居太可怜😔,0.1071,负面,2,2024-01-04
1075,kuaishou,养老金年年涨，生活有保障！,0.9409,正面,6,2024-01-15
1076,kuaishou,希望老年志愿者真了不起，值得尊敬,0.8016,正面,18,2024-08-06
1077,kuaishou,尊老爱幼是传统美德，大家都要学习,0.7903,正面,34,2024-11-28
1078,kuaishou,买药太贵了，慢性病吃药一年花好几万,0.11,负面,1,2024-11-28
1079,kuaishou,老年志愿者真了不起，值得尊敬。,0.7531,正面,1,2024-10-06
1080,kuaishou,重庆的老龄化程度在全国处于什么水平…,0.2726,中性,33,2024-10-22
1081,kuaishou,有点每个家庭都会面临养老问题…,0.5076,中性,10,2024-07-05
1082,kuaishou,感觉老年志愿者真了不起，值得尊敬,0.6034,正面,20,2024-08-02
1083,kuaishou,养老金根本不够用，物价涨得太快！,0.047,负面,2,2024-05-09
1084,kuaishou,养老金年年涨，生活有保障🤔,0.7026,正面,6,2024-05-11
1085,kuaishou,直播坑老人买保健品，太可恶了！,0.0439,负面,9,2024-11-22
1086,kuaishou,感觉社区食堂对老年人优惠，真的很贴心,0.9008,正面,8,2024-10-03
1087,kuaishou,有些社区没有老年活动场所，天天在家发呆！,0.0792,负面,3,2024-10-15
1088,kuaishou,太直播带货卖假货给老人，没人管管吗🤔,0.1438,负面,1,2024-08-01
1089,kuaishou,建议老年人在家摔倒没人知道怎么办！,0.056,负面,6,2024-01-12
1090,kuaishou,老年舞蹈队跳得真好看，充满活力,0.72,正面,2,2024-12-18
1091,kuaishou,延迟退休政策对老年人有什么影响…,0.4539,中性,4,2024-12-09
1092,kuaishou,陪着父母去旅游，他们开心极了😔,0.8367,正面,39,2024-04-17
1093,kuaishou,简直老年人也要与时俱进，学会用智能手机,0.71,正面,3,2024-04-14
1094,kuaishou,老年舞蹈队跳得真好看，充满活力👍,0.7354,正面,15,2024-07-10
1095,kuaishou,养老金年年涨，生活有保障🤔,0.6742,正面,2,2024-03-05
1096,kuaishou,实在养老院条件太差了，费用还死贵…,0.1249,负面,8,2024-10-20
1097,kuaishou,老年人经验丰富，是年轻人的好老师🙏,0.7093,正面,56,2024-10-14
1098,kuaishou,感谢政府对老年人的关怀和照顾🙏,0.7008,正面,1,2024-11-27
1099,kuaishou,养老基金还够不够用啊,0.4873,中性,1,2024-04-11
1100,kuaishou,养老金根本不够用，物价涨得太快😔,0.1156,负面,4,2024-08-20
1101,kuaishou,简直老年舞蹈队跳得真好看，充满活力！,0.7235,正面,1,2024-09-06
1102,kuaishou,陪着父母去旅游，他们开心极了,0.873,正面,10,2024-02-11
1103,kuaishou,听说日本老龄化更严重，可以学习经验,0.5428,中性,25,2024-03-13
1104,kuaishou,希望老年公交卡真方便，出行无忧🤔,0.5766,正面,4,2024-12-15
1105,kuaishou,养老金年年涨，生活有保障！,0.8398,正面,2,2024-12-21
1106,kuaishou,买药太贵了，慢性病吃药一年花好几万,0.064,负面,4,2024-04-10
1107,kuaishou,老年志愿者真了不起，值得尊敬,0.8746,正面,10,2024-11-27
1108,kuaishou,养老金年年涨，生活有保障。,0.7952,正面,1,2024-11-13
1109,kuaishou,老年舞蹈队跳得真好看，充满活力！,0.8169,正面,6,2024-01-11
1110,kuaishou,尊老爱幼是传统美德，大家都要学习,0.6434,正面,7,2024-10-16
1111,kuaishou,老年舞蹈队跳得真好看，充满活力👍,0.5909,正面,7,2024-10-13
1112,kuaishou,医院对老年人没有专门的照顾窗口👍,0.1886,负面,2,2024-01-21
1113,kuaishou,希望尊老爱幼是传统美德，大家都要学习。,0.9017,正面,9,2024-04-21
1114,kuaishou,老年人经验丰富，是年轻人的好老师…,0.7136,正面,1,2024-10-11
1115,kuaishou,老年舞蹈队跳得真好看，充满活力！,0.8107,正面,2,2024-01-10
1116,kuaishou,实在延迟退休政策对老年人有什么影响。,0.3972,中性,19,2024-04-03
1117,kuaishou,养老金年年涨，生活有保障,0.6763,正面,10,2024-01-16
1118,kuaishou,社区食堂对老年人优惠，真的很贴心。,0.6178,正面,1,2024-01-08
1119,kuaishou,真的养老金年年涨，生活有保障,0.8547,正面,2,2024-12-11
1120,kuaishou,真的老年产业应该是个新风口,0.3953,中性,2,2024-05-24
1121,kuaishou,有点买药太贵了，慢性病吃药一年花好几万！,0.1993,负面,2,2024-09-20
1122,kuaishou,人口结构变化会影响经济发展👍,0.3794,中性,2,2024-07-28
1123,kuaishou,养老模式到底是居家好还是去养老院好,0.5459,中性,1,2024-12-27
1124,kuaishou,社区养老服务越来越好了，点赞😔,0.861,正面,4,2024-11-02
1125,kuaishou,老年人也要与时俱进，学会用智能手机👍,0.6456,正面,10,2024-10-12
1126,kuaishou,感觉老年人经验丰富，是年轻人的好老师,0.627,正面,6,2024-09-26
1127,kuaishou,感谢政府对老年人的关怀和照顾💪,0.6885,正面,8,2024-12-26
1128,kuaishou,感觉陪着父母去旅游，他们开心极了…,0.7308,正面,1,2024-11-12
1129,kuaishou,有点重庆的老龄化程度在全国处于什么水平😔,0.5265,中性,36,2024-01-02
1130,kuaishou,老年生活也可以很精彩，活到老学到老💪,0.9069,正面,15,2024-05-11
1131,kuaishou,退休后参加老年大学，感觉生活充实多了,0.9439,正面,13,2024-10-26
1132,kuaishou,老年舞蹈队跳得真好看，充满活力🙏,0.7659,正面,14,2024-07-13
1133,kuaishou,有些老龄化是社会发展的必然趋势👍,0.3216,中性,29,2024-07-22
1134,kuaishou,老龄化是社会发展的必然趋势,0.448,中性,5,2024-03-13
1135,kuaishou,老年人也要与时俱进，学会用智能手机…,0.6852,正面,2,2024-05-23
1136,kuaishou,听说日本老龄化更严重，可以学习经验。,0.5101,中性,7,2024-12-14
1137,kuaishou,老年公交卡真方便，出行无忧！,0.6259,正面,10,2024-05-28
1138,kuaishou,老年志愿者真了不起，值得尊敬…,0.91,正面,10,2024-08-02
1139,kuaishou,希望叫120等了40分钟才到，急救反应太慢了💪,0.1234,负面,5,2024-02-20
1140,kuaishou,老年人也要与时俱进，学会用智能手机！,0.8789,正面,1,2024-04-03
1141,kuaishou,陪着父母去旅游，他们开心极了…,0.9142,正面,3,2024-02-04
1142,kuaishou,实在老年志愿者真了不起，值得尊敬…,0.6854,正面,26,2024-04-06
1143,kuaishou,有点社区食堂对老年人优惠，真的很贴心🤔,0.7113,正面,6,2024-11-06
1144,kuaishou,老年生活也可以很精彩，活到老学到老,0.7902,正面,5,2024-08-16
1145,kuaishou,退休后参加老年大学，感觉生活充实多了,0.6685,正面,2,2024-09-22
1146,kuaishou,直播带货卖假货给老人，没人管管吗,0.0474,负面,3,2024-05-13
1147,kuaishou,非常医院对老年人没有专门的照顾窗口…,0.0744,负面,21,2024-08-26
1148,kuaishou,特别养老院条件太差了，费用还死贵💪,0.1758,负面,8,2024-10-13
1149,kuaishou,建议老年人是社会的财富，应该多关心他们👍,0.6051,正面,12,2024-05-01
1150,kuaishou,陪着父母去旅游，他们开心极了,0.7722,正面,4,2024-07-17
1151,kuaishou,真的老年公交卡真方便，出行无忧…,0.875,正面,7,2024-07-08
1152,kuaishou,农村老人看病太难了，要走几十里路🤔,0.0184,负面,2,2024-02-21
1153,kuaishou,老年人是社会的财富，应该多关心他们,0.7995,正面,9,2024-04-19
1154,kuaishou,不知道未来养老政策会怎么调整🤔,0.2676,中性,4,2024-01-05
1155,kuaishou,简直养老金年年涨，生活有保障😔,0.6549,正面,4,2024-06-19
1156,kuaishou,希望养老模式到底是居家好还是去养老院好,0.3194,中性,7,2024-07-02
1157,kuaishou,有点老年产业应该是个新风口。,0.3791,中性,30,2024-08-10
1158,kuaishou,退休后参加老年大学，感觉生活充实多了,0.9426,正面,1,2024-01-11
1159,kuaishou,特别养老基金还够不够用啊,0.3345,中性,14,2024-09-03
1160,kuaishou,社区食堂对老年人优惠，真的很贴心🙏,0.7744,正面,2,2024-07-12
1161,kuaishou,退休后参加老年大学，感觉生活充实多了。,0.9045,正面,4,2024-07-13
1162,kuaishou,确实医院对老年人没有专门的照顾窗口😔,0.1609,负面,1,2024-10-16
1163,kuaishou,太老年人经验丰富，是年轻人的好老师,0.702,正面,2,2024-07-27
1164,kuaishou,有点老年人经验丰富，是年轻人的好老师🤔,0.5622,正面,5,2024-03-25
1165,kuaishou,确实养老金根本不够用，物价涨得太快。,0.013,负面,1,2024-09-12
1166,kuaishou,简直老年生活也可以很精彩，活到老学到老🤔,0.8224,正面,5,2024-12-21
1167,kuaishou,老年舞蹈队跳得真好看，充满活力。,0.5876,正面,28,2024-09-15
1168,kuaishou,简直尊老爱幼是传统美德，大家都要学习🙏,0.6523,正面,1,2024-06-10
1169,kuaishou,老年人是社会的财富，应该多关心他们💪,0.8339,正面,11,2024-12-12
1170,kuaishou,老年舞蹈队跳得真好看，充满活力😔,0.6779,正面,4,2024-10-02
1171,kuaishou,重庆的老龄化程度在全国处于什么水平🤔,0.4218,中性,8,2024-09-21
1172,kuaishou,老年人也要与时俱进，学会用智能手机…,0.9247,正面,2,2024-10-07
1173,kuaishou,特别老年公交卡真方便，出行无忧💪,0.5992,正面,1,2024-10-16
1174,kuaishou,老年产业应该是个新风口,0.388,中性,1,2024-06-22
1175,kuaishou,尊老爱幼是传统美德，大家都要学习💪,0.9382,正面,1,2024-08-28
1176,kuaishou,真的直播坑老人买保健品，太可恶了🤔,0.113,负面,2,2024-02-19
1177,kuaishou,养老金年年涨，生活有保障,0.694,正面,8,2024-04-28
1178,kuaishou,希望养老基金还够不够用啊,0.4596,中性,20,2024-04-19
1179,kuaishou,老年人是社会的财富，应该多关心他们,0.6244,正面,14,2024-06-08
1180,kuaishou,直播带货卖假货给老人，没人管管吗…,0.1627,负面,8,2024-10-28
1181,kuaishou,建议小区新安装了老年健身器材，方便多了,0.7394,正面,1,2024-04-24
1182,kuaishou,老龄化是社会发展的必然趋势,0.291,中性,2,2024-10-04
1183,kuaishou,老龄化是社会发展的必然趋势,0.2696,中性,3,2024-03-17
1184,kuaishou,老年生活也可以很精彩，活到老学到老,0.9346,正面,2,2024-10-19
1185,kuaishou,叫120等了40分钟才到，急救反应太慢了。,0.1619,负面,5,2024-02-11
1186,kuaishou,有点不知道未来养老政策会怎么调整。,0.519,中性,5,2024-07-19
1187,kuaishou,太老年生活也可以很精彩，活到老学到老！,0.5997,正面,3,2024-04-07
1188,kuaishou,老年舞蹈队跳得真好看，充满活力,0.723,正面,3,2024-03-16
1189,kuaishou,建议老年生活也可以很精彩，活到老学到老👍,0.6315,正面,15,2024-12-02
1190,kuaishou,有点退休后参加老年大学，感觉生活充实多了,0.842,正面,12,2024-04-18
1191,kuaishou,特别老年人经验丰富，是年轻人的好老师,0.869,正面,3,2024-10-17
1192,kuaishou,退休后参加老年大学，感觉生活充实多了🤔,0.5839,正面,25,2024-08-26
1193,kuaishou,希望不知道未来养老政策会怎么调整🤔,0.5193,中性,37,2024-07-16
1194,kuaishou,感觉老年人经验丰富，是年轻人的好老师,0.7314,正面,3,2024-07-27
1195,kuaishou,老年人是社会的财富，应该多关心他们👍,0.648,正面,3,2024-11-12
1196,kuaishou,很多公园没有无障碍通道，轮椅过不去,0.0599,负面,5,2024-05-19
1197,kuaishou,养老金年年涨，生活有保障,0.7443,正面,32,2024-09-07
1198,kuaishou,老年产业应该是个新风口🙏,0.4624,中性,19,2024-02-09
1199,kuaishou,特别老年人也要与时俱进，学会用智能手机,0.7981,正面,1,2024-05-20
1200,kuaishou,老年人经验丰富，是年轻人的好老师,0.86,正面,3,2024-03-05
1201,kuaishou,确实老年人在家摔倒没人知道怎么办,0.1797,负面,5,2024-12-18
1202,kuaishou,特别重庆的老龄化程度在全国处于什么水平,0.3489,中性,5,2024-05-01
1203,kuaishou,不知道未来养老政策会怎么调整💪,0.4555,中性,2,2024-03-05
1204,kuaishou,有点骗子专门盯着老年人骗，防不胜防！,0.1436,负面,17,2024-03-27
1205,kuaishou,老年人也要与时俱进，学会用智能手机😔,0.7344,正面,8,2024-02-28
1206,kuaishou,养老院条件太差了，费用还死贵👍,0.049,负面,15,2024-11-16
1207,kuaishou,太老年志愿者真了不起，值得尊敬👍,0.939,正面,17,2024-01-13
1208,kuaishou,希望去大医院排队排到心塞，老年人体力吃不消。,0.1426,负面,10,2024-07-10
1209,kuaishou,养老基金还够不够用啊！,0.4298,中性,4,2024-07-01
1210,kuaishou,太社区食堂对老年人优惠，真的很贴心,0.7275,正面,7,2024-11-18
1211,kuaishou,买药太贵了，慢性病吃药一年花好几万,0.128,负面,1,2024-04-13
1212,kuaishou,老年志愿者真了不起，值得尊敬…,0.5737,正面,8,2024-02-13
1213,kuaishou,特别社区养老服务越来越好了，点赞💪,0.7175,正面,2,2024-08-22
1214,kuaishou,农村老人看病太难了，要走几十里路…,0.1049,负面,9,2024-06-11
1215,kuaishou,农村老人看病太难了，要走几十里路！,0.029,负面,2,2024-08-14
1216,kuaishou,老年人是社会的财富，应该多关心他们👍,0.7046,正面,1,2024-07-26
1217,kuaishou,老年人是社会的财富，应该多关心他们。,0.693,正面,1,2024-05-11
1218,kuaishou,确实老年公交卡真方便，出行无忧👍,0.6527,正面,1,2024-10-20
1219,kuaishou,叫120等了40分钟才到，急救反应太慢了,0.0373,负面,9,2024-04-17
1220,kuaishou,养老金根本不够用，物价涨得太快。,0.0132,负面,10,2024-08-28
1221,kuaishou,简直人口结构变化会影响经济发展,0.256,中性,5,2024-10-10
1222,kuaishou,老年生活也可以很精彩，活到老学到老,0.7551,正面,1,2024-01-26
1223,kuaishou,老年产业应该是个新风口,0.4334,中性,1,2024-10-25
1224,kuaishou,听说日本老龄化更严重，可以学习经验🙏,0.3307,中性,1,2024-07-21
1225,kuaishou,社区没有老年活动场所，天天在家发呆🙏,0.1233,负面,1,2024-08-05
1226,kuaishou,特别尊老爱幼是传统美德，大家都要学习…,0.7721,正面,21,2024-10-09
1227,kuaishou,太老年公交卡真方便，出行无忧💪,0.5669,正面,2,2024-08-10
1228,kuaishou,小区新安装了老年健身器材，方便多了🙏,0.8061,正面,3,2024-05-22
1229,kuaishou,医院对老年人没有专门的照顾窗口,0.1674,负面,1,2024-03-22
1230,kuaishou,希望老年人也要与时俱进，学会用智能手机,0.7968,正面,2,2024-04-03
1231,kuaishou,有些医院对老年人没有专门的照顾窗口！,0.1952,负面,5,2024-10-27
1232,kuaishou,确实陪着父母去旅游，他们开心极了🙏,0.6749,正面,6,2024-12-15
1233,kuaishou,特别老年志愿者真了不起，值得尊敬,0.7247,正面,2,2024-11-10
1234,kuaishou,老年人经验丰富，是年轻人的好老师🤔,0.8451,正面,1,2024-09-24
1235,kuaishou,老年志愿者真了不起，值得尊敬🙏,0.7588,正面,3,2024-06-26
1236,kuaishou,延迟退休政策对老年人有什么影响,0.2818,中性,2,2024-11-25
1237,kuaishou,老年公交卡真方便，出行无忧。,0.7217,正面,2,2024-12-18
1238,kuaishou,延迟退休政策对老年人有什么影响😔,0.2997,中性,40,2024-05-17
1239,kuaishou,太小区新安装了老年健身器材，方便多了,0.627,正面,7,2024-10-07
1240,kuaishou,老年舞蹈队跳得真好看，充满活力,0.7619,正面,6,2024-08-18
1241,kuaishou,尊老爱幼是传统美德，大家都要学习。,0.9045,正面,4,2024-10-10
1242,kuaishou,养老基金还够不够用啊,0.5008,中性,4,2024-04-05
1243,kuaishou,感觉听说日本老龄化更严重，可以学习经验👍,0.4461,中性,5,2024-10-01
1244,kuaishou,去大医院排队排到心塞，老年人体力吃不消,0.0996,负面,9,2024-01-23
1245,kuaishou,退休后参加老年大学，感觉生活充实多了🤔,0.8992,正面,9,2024-11-15
1246,kuaishou,老年产业应该是个新风口😔,0.3342,中性,1,2024-10-11
1247,kuaishou,老年舞蹈队跳得真好看，充满活力。,0.7281,正面,5,2024-04-19
1248,kuaishou,直播带货卖假货给老人，没人管管吗🤔,0.1743,负面,4,2024-01-27
1249,kuaishou,确实人口结构变化会影响经济发展。,0.4043,中性,18,2024-08-20
1250,kuaishou,退休后参加老年大学，感觉生活充实多了💪,0.6978,正面,7,2024-11-13
1251,kuaishou,有些老年志愿者真了不起，值得尊敬😔,0.634,正面,5,2024-07-07
1252,kuaishou,实在叫120等了40分钟才到，急救反应太慢了,0.1402,负面,1,2024-10-13
1253,kuaishou,老年公交卡真方便，出行无忧,0.8026,正面,6,2024-11-28
1254,kuaishou,老年产业应该是个新风口,0.5135,中性,1,2024-10-21
1255,kuaishou,很多公园没有无障碍通道，轮椅过不去,0.1549,负面,3,2024-01-21
1256,kuaishou,老年人经验丰富，是年轻人的好老师🙏,0.7052,正面,1,2024-01-28
1257,kuaishou,养老金年年涨，生活有保障,0.6028,正面,9,2024-10-18
1258,kuaishou,建议养老金年年涨，生活有保障👍,0.9074,正面,2,2024-11-28
1259,kuaishou,养老基金还够不够用啊,0.5206,中性,3,2024-12-11
1260,kuaishou,感谢政府对老年人的关怀和照顾👍,0.7341,正面,21,2024-12-28
1261,kuaishou,去大医院排队排到心塞，老年人体力吃不消,0.0743,负面,2,2024-08-15
1262,kuaishou,不知道未来养老政策会怎么调整,0.502,中性,5,2024-02-11
1263,kuaishou,老年人是社会的财富，应该多关心他们😔,0.8225,正面,4,2024-11-02
1264,kuaishou,社区养老服务越来越好了，点赞🤔,0.7599,正面,1,2024-12-08
1265,kuaishou,有些延迟退休政策对老年人有什么影响👍,0.329,中性,12,2024-04-04
1266,kuaishou,退休后参加老年大学，感觉生活充实多了🤔,0.9051,正面,1,2024-12-04
1267,kuaishou,子女都在外地打工，老人独居太可怜,0.1607,负面,4,2024-07-18
1268,kuaishou,社区食堂对老年人优惠，真的很贴心👍,0.85,正面,6,2024-10-03
1269,kuaishou,人口结构变化会影响经济发展😔,0.5135,中性,7,2024-09-02
1270,kuaishou,退休后参加老年大学，感觉生活充实多了。,0.8717,正面,8,2024-07-17
1271,kuaishou,简直小区新安装了老年健身器材，方便多了…,0.7798,正面,2,2024-12-28
1272,kuaishou,买药太贵了，慢性病吃药一年花好几万,0.0141,负面,1,2024-10-11
1273,kuaishou,确实小区新安装了老年健身器材，方便多了。,0.7524,正面,10,2024-10-16
1274,kuaishou,老年公交卡真方便，出行无忧🤔,0.6141,正面,5,2024-03-22
1275,kuaishou,老年志愿者真了不起，值得尊敬💪,0.7074,正面,15,2024-04-23
1276,kuaishou,陪着父母去旅游，他们开心极了💪,0.5855,正面,14,2024-11-10
1277,kuaishou,太去大医院排队排到心塞，老年人体力吃不消💪,0.0531,负面,16,2024-06-03
1278,kuaishou,延迟退休政策对老年人有什么影响…,0.4113,中性,4,2024-01-15
1279,kuaishou,老年舞蹈队跳得真好看，充满活力！,0.7037,正面,3,2024-07-06
1280,kuaishou,社区食堂对老年人优惠，真的很贴心🤔,0.7789,正面,12,2024-02-21
1281,kuaishou,老年公交卡真方便，出行无忧…,0.9193,正面,4,2024-02-15
1282,kuaishou,希望尊老爱幼是传统美德，大家都要学习,0.909,正面,2,2024-07-19
1283,kuaishou,非常延迟退休政策对老年人有什么影响！,0.5174,中性,17,2024-11-16
1284,kuaishou,有些老龄化是社会发展的必然趋势,0.4616,中性,20,2024-12-16
1285,kuaishou,老年人也要与时俱进，学会用智能手机💪,0.9485,正面,4,2024-03-18
1286,kuaishou,社区食堂对老年人优惠，真的很贴心,0.9488,正面,1,2024-03-14
1287,kuaishou,老年痴呆走失了警察也找不到🙏,0.0156,负面,3,2024-07-23
1288,kuaishou,有点老年公交卡真方便，出行无忧,0.6254,正面,13,2024-10-24
1289,kuaishou,实在养老金根本不够用，物价涨得太快。,0.0927,负面,22,2024-12-13
1290,kuaishou,实在老年舞蹈队跳得真好看，充满活力,0.9301,正面,2,2024-11-23
1291,kuaishou,简直养老金年年涨，生活有保障💪,0.7677,正面,1,2024-08-14
1292,kuaishou,社区没有老年活动场所，天天在家发呆,0.078,负面,19,2024-08-28
1293,kuaishou,太养老模式到底是居家好还是去养老院好,0.2949,中性,3,2024-05-10
1294,kuaishou,听说日本老龄化更严重，可以学习经验,0.3236,中性,5,2024-08-10
1295,kuaishou,太养老金根本不够用，物价涨得太快,0.1775,负面,46,2024-02-18
1296,kuaishou,感觉老年舞蹈队跳得真好看，充满活力🙏,0.6013,正面,1,2024-06-24
1297,kuaishou,子女都在外地打工，老人独居太可怜,0.0736,负面,7,2024-11-06
1298,kuaishou,确实每个家庭都会面临养老问题！,0.5052,中性,1,2024-10-02
1299,kuaishou,陪着父母去旅游，他们开心极了👍,0.9375,正面,3,2024-06-01
1300,kuaishou,养老模式到底是居家好还是去养老院好,0.353,中性,13,2024-05-25
1301,kuaishou,实在老年人在家摔倒没人知道怎么办,0.1763,负面,4,2024-09-18
1302,kuaishou,简直退休后参加老年大学，感觉生活充实多了,0.7375,正面,179,2024-05-12
1303,kuaishou,有点老年人也要与时俱进，学会用智能手机！,0.8283,正面,6,2024-10-27
1304,kuaishou,社区养老服务越来越好了，点赞🙏,0.5958,正面,3,2024-08-17
1305,kuaishou,建议养老模式到底是居家好还是去养老院好,0.3141,中性,2,2024-05-01
1306,kuaishou,小区新安装了老年健身器材，方便多了,0.7482,正面,3,2024-09-07
1307,kuaishou,建议养老模式到底是居家好还是去养老院好💪,0.4006,中性,3,2024-09-16
1308,kuaishou,确实老年生活也可以很精彩，活到老学到老！,0.7829,正面,1,2024-04-14
1309,kuaishou,尊老爱幼是传统美德，大家都要学习,0.8025,正面,3,2024-08-26
1310,kuaishou,社区养老服务越来越好了，点赞🤔,0.5681,正面,4,2024-09-11
1311,kuaishou,感谢政府对老年人的关怀和照顾…,0.8544,正面,9,2024-11-18
1312,kuaishou,老年人经验丰富，是年轻人的好老师,0.8788,正面,8,2024-12-03
1313,kuaishou,太养老院条件太差了，费用还死贵,0.1443,负面,9,2024-01-06
1314,kuaishou,希望老年志愿者真了不起，值得尊敬💪,0.7227,正面,1,2024-06-23
1315,kuaishou,不知道未来养老政策会怎么调整,0.3005,中性,2,2024-05-26
1316,kuaishou,确实老年人经验丰富，是年轻人的好老师！,0.7422,正面,8,2024-06-24
1317,kuaishou,陪着父母去旅游，他们开心极了,0.7107,正面,4,2024-12-17
1318,kuaishou,特别陪着父母去旅游，他们开心极了,0.6047,正面,1,2024-10-05
1319,kuaishou,真的老龄化是社会发展的必然趋势,0.3617,中性,13,2024-11-24
1320,kuaishou,非常直播坑老人买保健品，太可恶了,0.1541,负面,11,2024-04-19
1321,kuaishou,太社区食堂对老年人优惠，真的很贴心,0.6197,正面,5,2024-04-06
1322,kuaishou,延迟退休政策对老年人有什么影响🤔,0.3507,中性,1,2024-05-11
1323,kuaishou,非常尊老爱幼是传统美德，大家都要学习🙏,0.7502,正面,11,2024-08-14
1324,kuaishou,养老金年年涨，生活有保障！,0.7548,正面,6,2024-03-24
1325,kuaishou,有点养老基金还够不够用啊🤔,0.5352,中性,12,2024-11-16
1326,kuaishou,养老金年年涨，生活有保障,0.7701,正面,11,2024-10-16
1327,kuaishou,实在陪着父母去旅游，他们开心极了…,0.8598,正面,13,2024-07-12
1328,kuaishou,社区养老服务越来越好了，点赞…,0.657,正面,5,2024-03-12
1329,kuaishou,骗子专门盯着老年人骗，防不胜防…,0.0215,负面,1,2024-05-04
1330,kuaishou,感谢政府对老年人的关怀和照顾🙏,0.6377,正面,8,2024-12-12
1331,kuaishou,小区新安装了老年健身器材，方便多了…,0.861,正面,7,2024-07-24
1332,kuaishou,养老模式到底是居家好还是去养老院好💪,0.3125,中性,10,2024-12-14
1333,kuaishou,简直养老基金还够不够用啊,0.4154,中性,1,2024-05-07
1334,kuaishou,有点养老金年年涨，生活有保障,0.6103,正面,2,2024-03-21
1335,kuaishou,老年痴呆走失了警察也找不到💪,0.1875,负面,21,2024-11-18
1336,kuaishou,有些老年生活也可以很精彩，活到老学到老。,0.9261,正面,10,2024-09-24
1337,kuaishou,养老金年年涨，生活有保障…,0.5605,正面,24,2024-12-18
1338,kuaishou,感觉小区新安装了老年健身器材，方便多了👍,0.7861,正面,11,2024-11-03
1339,kuaishou,陪着父母去旅游，他们开心极了,0.6398,正面,6,2024-02-13
1340,kuaishou,简直重庆的老龄化程度在全国处于什么水平😔,0.2588,中性,8,2024-03-13
1341,kuaishou,尊老爱幼是传统美德，大家都要学习,0.86,正面,21,2024-05-18
1342,kuaishou,实在骗子专门盯着老年人骗，防不胜防…,0.1817,负面,6,2024-12-09
1343,kuaishou,简直社区养老服务越来越好了，点赞🙏,0.9416,正面,7,2024-05-26
1344,kuaishou,感谢政府对老年人的关怀和照顾💪,0.807,正面,1,2024-10-27
1345,kuaishou,老年人也要与时俱进，学会用智能手机,0.6686,正面,4,2024-04-20
1346,kuaishou,老年人也要与时俱进，学会用智能手机🙏,0.9223,正面,9,2024-11-10
1347,kuaishou,陪着父母去旅游，他们开心极了🤔,0.7791,正面,2,2024-02-22
1348,kuaishou,非常老年人经验丰富，是年轻人的好老师🙏,0.831,正面,2,2024-08-03
1349,kuaishou,社区食堂对老年人优惠，真的很贴心👍,0.5602,正面,3,2024-04-07
1350,kuaishou,社区养老服务越来越好了，点赞,0.5631,正面,2,2024-03-12
1351,kuaishou,老年舞蹈队跳得真好看，充满活力！,0.8374,正面,2,2024-12-19
1352,kuaishou,非常重庆的老龄化程度在全国处于什么水平,0.3084,中性,4,2024-08-22
1353,kuaishou,子女都在外地打工，老人独居太可怜！,0.162,负面,23,2024-09-26
1354,kuaishou,陪着父母去旅游，他们开心极了！,0.7753,正面,5,2024-02-24
1355,kuaishou,买药太贵了，慢性病吃药一年花好几万,0.0925,负面,2,2024-02-09
1356,kuaishou,老年人是社会的财富，应该多关心他们💪,0.9401,正面,1,2024-10-22
1357,kuaishou,老龄化是社会发展的必然趋势,0.5045,中性,9,2024-01-05
1358,kuaishou,直播带货卖假货给老人，没人管管吗,0.0326,负面,3,2024-12-03
1359,kuaishou,尊老爱幼是传统美德，大家都要学习,0.5988,正面,14,2024-05-17
1360,kuaishou,退休后参加老年大学，感觉生活充实多了,0.9053,正面,8,2024-06-07
1361,kuaishou,老年人也要与时俱进，学会用智能手机,0.7412,正面,13,2024-08-27
1362,kuaishou,有点老年志愿者真了不起，值得尊敬,0.7029,正面,2,2024-12-03
1363,kuaishou,老年公交卡真方便，出行无忧🙏,0.6041,正面,9,2024-11-10
1364,kuaishou,老年人在家摔倒没人知道怎么办,0.1822,负面,2,2024-03-17
1365,kuaishou,社区养老服务越来越好了，点赞🤔,0.603,正面,31,2024-05-11
1366,kuaishou,直播带货卖假货给老人，没人管管吗🙏,0.1425,负面,7,2024-04-14
1367,kuaishou,太农村老人看病太难了，要走几十里路,0.1033,负面,3,2024-10-03
1368,kuaishou,社区养老服务越来越好了，点赞！,0.565,正面,2,2024-10-04
1369,kuaishou,希望养老金年年涨，生活有保障,0.9495,正面,2,2024-02-12
1370,kuaishou,特别直播坑老人买保健品，太可恶了,0.1449,负面,9,2024-06-02
1371,kuaishou,确实每个家庭都会面临养老问题…,0.5397,中性,2,2024-09-09
1372,kuaishou,感谢政府对老年人的关怀和照顾💪,0.6202,正面,6,2024-05-03
1373,kuaishou,感谢政府对老年人的关怀和照顾,0.6632,正面,2,2024-12-15
1374,kuaishou,老年公交卡真方便，出行无忧🙏,0.9139,正面,8,2024-05-17
1375,kuaishou,叫120等了40分钟才到，急救反应太慢了🤔,0.0802,负面,14,2024-12-24
1376,kuaishou,感谢政府对老年人的关怀和照顾,0.9256,正面,12,2024-06-12
1377,kuaishou,买药太贵了，慢性病吃药一年花好几万💪,0.1982,负面,11,2024-02-15
1378,kuaishou,特别尊老爱幼是传统美德，大家都要学习,0.8542,正面,2,2024-05-13
1379,kuaishou,希望社区食堂对老年人优惠，真的很贴心！,0.5671,正面,1,2024-02-27
1380,kuaishou,陪着父母去旅游，他们开心极了…,0.7012,正面,9,2024-03-09
1381,kuaishou,老年产业应该是个新风口,0.3835,中性,3,2024-01-21
1382,kuaishou,确实养老金年年涨，生活有保障😔,0.5736,正面,4,2024-03-18
1383,kuaishou,老年人经验丰富，是年轻人的好老师,0.6174,正面,1,2024-02-12
1384,kuaishou,有些尊老爱幼是传统美德，大家都要学习,0.7709,正面,2,2024-05-01
1385,kuaishou,感觉陪着父母去旅游，他们开心极了🙏,0.6122,正面,1,2024-10-10
1386,kuaishou,社区养老服务越来越好了，点赞！,0.5656,正面,19,2024-08-20
1387,kuaishou,老年公交卡真方便，出行无忧,0.8627,正面,2,2024-06-22
1388,kuaishou,有点很多公园没有无障碍通道，轮椅过不去,0.0697,负面,6,2024-03-25
1389,kuaishou,叫120等了40分钟才到，急救反应太慢了,0.1604,负面,1,2024-11-23
1390,kuaishou,骗子专门盯着老年人骗，防不胜防😔,0.1963,负面,8,2024-09-08
1391,kuaishou,非常老年志愿者真了不起，值得尊敬,0.5569,正面,3,2024-10-10
1392,kuaishou,社区养老服务越来越好了，点赞,0.7953,正面,22,2024-09-25
1393,kuaishou,老年人在家摔倒没人知道怎么办😔,0.0647,负面,20,2024-05-24
1394,kuaishou,尊老爱幼是传统美德，大家都要学习👍,0.584,正面,3,2024-10-08
1395,kuaishou,老年舞蹈队跳得真好看，充满活力👍,0.6877,正面,22,2024-11-23
1396,kuaishou,听说日本老龄化更严重，可以学习经验,0.3894,中性,152,2024-11-05
1397,kuaishou,社区食堂对老年人优惠，真的很贴心😔,0.7982,正面,14,2024-05-08
1398,kuaishou,特别老龄化是社会发展的必然趋势。,0.3457,中性,16,2024-08-26
1399,kuaishou,非常延迟退休政策对老年人有什么影响,0.4594,中性,2,2024-10-24
1400,kuaishou,医院对老年人没有专门的照顾窗口,0.1933,负面,6,2024-12-10
1401,kuaishou,骗子专门盯着老年人骗，防不胜防,0.1255,负面,1,2024-07-03
1402,kuaishou,非常老年人经验丰富，是年轻人的好老师。,0.7339,正面,1,2024-08-02
1403,kuaishou,简直尊老爱幼是传统美德，大家都要学习…,0.7277,正面,291,2024-11-18
1404,kuaishou,简直老年公交卡真方便，出行无忧🤔,0.7707,正面,3,2024-01-17
1405,kuaishou,老年人也要与时俱进，学会用智能手机🤔,0.7094,正面,10,2024-10-28
1406,kuaishou,退休后参加老年大学，感觉生活充实多了,0.7339,正面,13,2024-06-26
1407,kuaishou,社区食堂对老年人优惠，真的很贴心！,0.6237,正面,17,2024-03-07
1408,kuaishou,建议老年舞蹈队跳得真好看，充满活力,0.5628,正面,196,2024-05-04
1409,kuaishou,有些陪着父母去旅游，他们开心极了。,0.7093,正面,2,2024-06-15
1410,kuaishou,有点医院对老年人没有专门的照顾窗口🙏,0.1864,负面,1,2024-07-01
1411,kuaishou,简直感谢政府对老年人的关怀和照顾,0.7309,正面,4,2024-11-05
1412,kuaishou,延迟退休政策对老年人有什么影响,0.3577,中性,1,2024-06-21
1413,kuaishou,实在老年生活也可以很精彩，活到老学到老🙏,0.5684,正面,1,2024-07-13
1414,kuaishou,实在老年痴呆走失了警察也找不到,0.1273,负面,3,2024-08-10
1415,kuaishou,有点不知道未来养老政策会怎么调整👍,0.2579,中性,12,2024-03-04
1416,kuaishou,养老基金还够不够用啊🙏,0.3028,中性,6,2024-04-16
1417,kuaishou,尊老爱幼是传统美德，大家都要学习,0.8778,正面,3,2024-02-27
1418,kuaishou,老年产业应该是个新风口。,0.2635,中性,8,2024-01-06
1419,kuaishou,感觉社区养老服务越来越好了，点赞,0.8186,正面,2,2024-11-08
1420,kuaishou,老年生活也可以很精彩，活到老学到老🙏,0.7458,正面,1,2024-01-01
1421,kuaishou,不知道未来养老政策会怎么调整…,0.4626,中性,11,2024-02-13
1422,kuaishou,感谢政府对老年人的关怀和照顾！,0.7006,正面,7,2024-12-16
1423,kuaishou,感谢政府对老年人的关怀和照顾,0.6916,正面,11,2024-12-15
1424,kuaishou,简直退休后参加老年大学，感觉生活充实多了,0.8676,正面,1,2024-12-08
1425,kuaishou,子女都在外地打工，老人独居太可怜👍,0.1292,负面,15,2024-02-10
1426,kuaishou,小区新安装了老年健身器材，方便多了😔,0.8436,正面,7,2024-01-26
1427,kuaishou,养老模式到底是居家好还是去养老院好,0.3087,中性,6,2024-02-22
1428,kuaishou,养老金根本不够用，物价涨得太快。,0.1941,负面,7,2024-01-12
1429,kuaishou,感觉每个家庭都会面临养老问题,0.2701,中性,18,2024-09-03
1430,kuaishou,建议老年人是社会的财富，应该多关心他们🙏,0.7127,正面,6,2024-01-05
1431,kuaishou,社区食堂对老年人优惠，真的很贴心👍,0.5956,正面,6,2024-11-15
1432,kuaishou,陪着父母去旅游，他们开心极了。,0.7411,正面,94,2024-04-05
1433,kuaishou,实在小区新安装了老年健身器材，方便多了,0.5992,正面,11,2024-03-13
1434,kuaishou,养老模式到底是居家好还是去养老院好,0.3742,中性,4,2024-02-10
1435,kuaishou,建议听说日本老龄化更严重，可以学习经验,0.2565,中性,9,2024-08-27
1436,kuaishou,听说日本老龄化更严重，可以学习经验💪,0.4209,中性,3,2024-03-28
1437,kuaishou,特别重庆的老龄化程度在全国处于什么水平🙏,0.3122,中性,2,2024-11-21
1438,kuaishou,老年生活也可以很精彩，活到老学到老👍,0.6007,正面,6,2024-12-09
1439,kuaishou,老年志愿者真了不起，值得尊敬…,0.6307,正面,28,2024-06-19
1440,kuaishou,农村老人看病太难了，要走几十里路,0.1801,负面,28,2024-01-04
1441,kuaishou,老龄化是社会发展的必然趋势,0.4944,中性,3,2024-12-14
1442,kuaishou,老年人经验丰富，是年轻人的好老师,0.728,正面,5,2024-06-03
1443,kuaishou,简直退休后参加老年大学，感觉生活充实多了😔,0.6764,正面,2,2024-06-22
1444,kuaishou,老年舞蹈队跳得真好看，充满活力…,0.7044,正面,142,2024-05-17
1445,kuaishou,感觉养老金年年涨，生活有保障！,0.7203,正面,63,2024-12-12
1446,kuaishou,太老年人经验丰富，是年轻人的好老师🙏,0.8002,正面,7,2024-03-19
1447,kuaishou,老年志愿者真了不起，值得尊敬,0.9215,正面,13,2024-11-02
1448,kuaishou,人口结构变化会影响经济发展,0.5127,中性,9,2024-10-08
1449,kuaishou,养老基金还够不够用啊！,0.3823,中性,6,2024-11-09
1450,kuaishou,养老金年年涨，生活有保障🤔,0.5941,正面,1,2024-06-01
1451,kuaishou,老年生活也可以很精彩，活到老学到老👍,0.6671,正面,4,2024-12-28
1452,kuaishou,感谢政府对老年人的关怀和照顾😔,0.939,正面,8,2024-03-12
1453,kuaishou,真的老年人在家摔倒没人知道怎么办,0.1426,负面,8,2024-04-21
1454,kuaishou,小区新安装了老年健身器材，方便多了,0.7722,正面,3,2024-04-07
1455,kuaishou,不知道未来养老政策会怎么调整💪,0.458,中性,32,2024-12-09
1456,kuaishou,老年公交卡真方便，出行无忧💪,0.7079,正面,1,2024-08-01
1457,kuaishou,有些社区食堂对老年人优惠，真的很贴心…,0.6379,正面,5,2024-04-01
1458,kuaishou,尊老爱幼是传统美德，大家都要学习,0.9033,正面,8,2024-01-24
1459,kuaishou,退休后参加老年大学，感觉生活充实多了👍,0.6006,正面,9,2024-04-07
1460,kuaishou,有些小区新安装了老年健身器材，方便多了,0.8203,正面,7,2024-12-18
1461,kuaishou,老年人也要与时俱进，学会用智能手机…,0.8053,正面,2,2024-01-28
1462,kuaishou,太延迟退休政策对老年人有什么影响🙏,0.432,中性,1,2024-03-01
1463,kuaishou,老年人在家摔倒没人知道怎么办,0.118,负面,7,2024-04-05
1464,kuaishou,重庆的老龄化程度在全国处于什么水平。,0.5224,中性,6,2024-01-27
1465,kuaishou,有点老年公交卡真方便，出行无忧。,0.6827,正面,2,2024-09-23
1466,kuaishou,老年人是社会的财富，应该多关心他们👍,0.6367,正面,9,2024-10-21
1467,kuaishou,非常社区食堂对老年人优惠，真的很贴心,0.5773,正面,4,2024-02-12
1468,kuaishou,老年志愿者真了不起，值得尊敬。,0.686,正面,8,2024-04-17
1469,kuaishou,特别社区食堂对老年人优惠，真的很贴心。,0.6369,正面,15,2024-09-02
1470,kuaishou,社区食堂对老年人优惠，真的很贴心👍,0.5548,正面,1,2024-06-13
1471,kuaishou,小区新安装了老年健身器材，方便多了！,0.8863,正面,1,2024-01-03
1472,kuaishou,小区新安装了老年健身器材，方便多了…,0.8661,正面,12,2024-10-17
1473,kuaishou,有些社区养老服务越来越好了，点赞…,0.7244,正面,7,2024-07-26
1474,kuaishou,养老金年年涨，生活有保障…,0.7785,正面,9,2024-08-12
1475,kuaishou,不知道未来养老政策会怎么调整,0.3741,中性,15,2024-12-11
1476,kuaishou,特别老年志愿者真了不起，值得尊敬🤔,0.633,正面,13,2024-09-03
1477,kuaishou,小区新安装了老年健身器材，方便多了,0.8322,正面,41,2024-06-08
1478,kuaishou,养老金年年涨，生活有保障！,0.8582,正面,5,2024-03-13
1479,kuaishou,重庆的老龄化程度在全国处于什么水平😔,0.3904,中性,4,2024-06-18
1480,kuaishou,太感谢政府对老年人的关怀和照顾…,0.7658,正面,3,2024-09-16
1481,kuaishou,有些陪着父母去旅游，他们开心极了。,0.8605,正面,1,2024-04-06
1482,kuaishou,老年舞蹈队跳得真好看，充满活力🤔,0.7037,正面,6,2024-04-09
1483,kuaishou,感谢政府对老年人的关怀和照顾,0.8744,正面,2,2024-06-05
1484,kuaishou,有些养老金根本不够用，物价涨得太快😔,0.0302,负面,26,2024-04-01
1485,kuaishou,老年人也要与时俱进，学会用智能手机,0.8869,正面,6,2024-09-28
1486,kuaishou,很多公园没有无障碍通道，轮椅过不去💪,0.1003,负面,6,2024-02-04
1487,kuaishou,尊老爱幼是传统美德，大家都要学习👍,0.8273,正面,3,2024-07-07
1488,kuaishou,老龄化是社会发展的必然趋势,0.2526,中性,1,2024-02-02
1489,kuaishou,非常延迟退休政策对老年人有什么影响😔,0.2922,中性,1,2024-04-22
1490,kuaishou,社区食堂对老年人优惠，真的很贴心🤔,0.7434,正面,4,2024-08-16
1491,kuaishou,每个家庭都会面临养老问题🙏,0.5304,中性,1,2024-11-16
1492,kuaishou,太老年人也要与时俱进，学会用智能手机…,0.794,正面,6,2024-08-14
1493,kuaishou,简直养老金年年涨，生活有保障,0.8394,正面,19,2024-05-25
1494,kuaishou,非常养老金年年涨，生活有保障,0.8354,正面,20,2024-11-13
1495,kuaishou,小区新安装了老年健身器材，方便多了,0.7997,正面,8,2024-03-27
1496,kuaishou,老年舞蹈队跳得真好看，充满活力💪,0.6533,正面,2,2024-01-15
1497,kuaishou,真的退休后参加老年大学，感觉生活充实多了,0.7413,正面,18,2024-06-16
1498,kuaishou,感谢政府对老年人的关怀和照顾,0.5649,正面,20,2024-02-13
1499,kuaishou,特别老年人是社会的财富，应该多关心他们👍,0.7516,正面,2,2024-10-23
1500,kuaishou,人口结构变化会影响经济发展👍,0.5229,中性,10,2024-04-08
